{"stats":{"minecraft:custom":{"lootr:looted_stat":21,"minecraft:mob_kills":41,"minecraft:knockouts":1,"minecraft:interact_with_crafting_table":21,"minecraft:open_barrel":1,"minecraft:leave_game":6,"minecraft:time_since_death":8586,"minecraft:climb_one_cm":1268,"minecraft:sprint_one_cm":266107,"minecraft:walk_one_cm":181781,"minecraft:damage_blocked_by_shield":948,"minecraft:drop":73,"minecraft:play_time":214126,"minecraft:deaths":2,"minecraft:sneak_time":5568,"minecraft:walk_under_water_one_cm":5274,"minecraft:boat_one_cm":272761,"minecraft:jump":1805,"minecraft:walk_on_water_one_cm":9504,"minecraft:total_world_time":214126,"minecraft:interact_with_furnace":1,"minecraft:sleep_in_bed":2,"minecraft:time_since_rest":8600,"minecraft:damage_taken":2599,"minecraft:damage_absorbed":22,"minecraft:damage_dealt":7627,"minecraft:swim_one_cm":32680,"minecraft:fly_one_cm":417302,"minecraft:crouch_one_cm":20854,"minecraft:fall_one_cm":59389},"minecraft:mined":{"minecraft:dark_oak_planks":1,"minecraft:tuff":1,"minecraft:mossy_cobblestone":1,"minecraft:grass_block":1,"minecraft:decorated_pot":6,"minecraft:spruce_leaves":4,"visualworkbench:lolmct/spruce_crafting_table":12,"minecraft:large_fern":3,"minecraft:hay_block":64,"minecraft:mossy_cobblestone_stairs":1,"minecraft:fire":6,"minecraft:iron_ore":3,"minecraft:dirt_path":1,"minecraft:packed_ice":1,"minecraft:stone":4,"minecraft:brown_mushroom":4,"minecraft:glass_pane":1,"minecraft:stripped_dark_oak_log":6,"minecraft:cornflower":5,"minecraft:purple_wall_banner":2,"minecraft:short_grass":56,"minecraft:honey_block":1,"minecraft:mushroom_stem":3,"minecraft:tall_grass":3,"minecraft:cobblestone":9,"minecraft:sugar_cane":9,"minecraft:birch_log":1,"minecraft:sweet_berry_bush":5,"minecraft:spruce_log":12,"minecraft:oak_log":2,"minecraft:sand":2,"minecraft:red_mushroom_block":3,"minecraft:oak_leaves":1,"minecraft:fern":4},"minecraft:picked_up":{"minecraft:iron_chestplate":1,"minecraft:brown_mushroom":4,"lolmct:spruce_crafting_table":13,"minecraft:golden_sword":1,"minecraft:cornflower":3,"minecraft:string":14,"minecraft:wooden_sword":2,"minecraft:purple_banner":10,"comforts:sleeping_bag_white":1,"minecraft:beef":1,"minecraft:player_head":4,"minecraft:light_gray_wool":1,"minecraft:sugar_cane":28,"minecraft:birch_sapling":2,"minecraft:egg":2,"minecraft:dark_oak_sapling":17,"minecraft:raw_iron":4,"minecraft:torch":1,"minecraft:porkchop":12,"minecraft:dark_oak_planks":15,"minecraft:arrow":6,"minecraft:rotten_flesh":15,"minecraft:decorated_pot":2,"minecraft:hay_block":116,"minecraft:gold_ingot":10,"minecraft:mutton":18,"minecraft:cobblestone":10,"minecraft:white_wool":17,"minecraft:birch_log":7,"minecraft:leather_chestplate":9,"minecraft:leather":2,"minecraft:dark_oak_boat":2,"minecraft:red_mushroom":21,"minecraft:potato":41,"minecraft:mushroom_stew":1,"minecraft:tuff":1,"minecraft:oak_log":2,"minecraft:dirt":35,"minecraft:bone":8,"minecraft:apple":24,"minecraft:bow":1,"minecraft:wheat_seeds":13,"minecraft:stone_pickaxe":1,"minecraft:iron_ingot":37,"minecraft:sweet_berries":13,"minecraft:spruce_sapling":2,"minecraft:spruce_log":20,"minecraft:grass_block":3,"minecraft:dark_oak_log":8,"minecraft:mossy_cobblestone":2,"minecraft:diamond":4,"minecraft:mossy_cobblestone_stairs":1,"minecraft:emerald":17,"minecraft:bread":58,"minecraft:oak_sapling":21,"minecraft:stripped_dark_oak_log":6,"minecraft:dark_oak_fence":1},"minecraft:crafted":{"minecraft:wooden_sword":1,"minecraft:dark_oak_boat":5,"comforts:sleeping_bag_white":1,"minecraft:stone_pickaxe":1,"minecraft:dark_oak_planks":60,"minecraft:wheat":108,"minecraft:spruce_planks":16,"minecraft:wooden_pickaxe":1,"minecraft:stone_axe":2,"minecraft:bread":39,"minecraft:shield":1,"minecraft:stick":16,"minecraft:iron_pickaxe":1,"lolmct:spruce_crafting_table":2},"minecraft:used":{"lolmct:spruce_crafting_table":13,"minecraft:flint_and_steel":4,"minecraft:decorated_pot":1,"minecraft:shield":35,"minecraft:cooked_salmon":8,"minecraft:player_head":1,"minecraft:iron_chestplate":1,"minecraft:dirt":18,"minecraft:carrot":2,"minecraft:tuff":1,"minecraft:obsidian":1,"minecraft:dark_oak_planks":7,"minecraft:grass_block":1,"minecraft:light_gray_wool":1,"minecraft:golden_sword":32,"minecraft:bow":1,"minecraft:beef":1,"minecraft:dark_oak_boat":6,"comforts:sleeping_bag_white":1,"minecraft:egg":1,"minecraft:stone_pickaxe":16,"minecraft:wooden_pickaxe":9,"minecraft:brown_mushroom":3,"minecraft:stripped_dark_oak_log":1,"minecraft:mushroom_stew":1,"minecraft:spruce_log":2,"minecraft:cornflower":3,"minecraft:bread":33,"minecraft:golden_helmet":1,"minecraft:stone_axe":109,"minecraft:wooden_sword":47,"minecraft:cobblestone":1},"minecraft:broken":{"minecraft:golden_sword":1},"minecraft:killed":{"minecraft:spider":5,"minecraft:phantom":1,"minecraft:skeleton":5,"minecraft:chicken":1,"minecraft:pig":4,"minecraft:zombie_villager":1,"minecraft:sheep":6,"minecraft:zombie":11,"minecraft:enderman":2,"minecraft:cow":1},"minecraft:dropped":{"minecraft:spruce_sign":1,"minecraft:iron_ingot":1,"minecraft:brown_mushroom":1,"minecraft:wheat_seeds":17,"minecraft:mossy_cobblestone":2,"minecraft:diamond":4,"minecraft:decorated_pot":1,"minecraft:glow_berries":4,"minecraft:grass_block":1,"minecraft:leather_helmet":2,"minecraft:mushroom_stew":1,"minecraft:red_mushroom":6,"minecraft:stick":3,"minecraft:torch":1,"minecraft:dark_oak_fence":1,"minecraft:large_fern":2,"minecraft:wooden_sword":2,"minecraft:mossy_cobblestone_stairs":1,"minecraft:paper":5,"minecraft:stone_axe":1,"minecraft:sweet_berries":25,"minecraft:player_head":2,"minecraft:bowl":1,"minecraft:wheat":1,"minecraft:purple_banner":10,"minecraft:rotten_flesh":9,"minecraft:carrot":1,"minecraft:pumpkin_seeds":5,"minecraft:leather_chestplate":10,"minecraft:golden_sword":1,"minecraft:stone_pickaxe":2,"minecraft:egg":1}},"DataVersion":3953}