{"stats":{"minecraft:custom":{"lootr:looted_stat":20,"minecraft:interact_with_furnace":1,"minecraft:mob_kills":31,"minecraft:interact_with_crafting_table":12,"minecraft:open_barrel":1,"minecraft:time_since_death":188148,"minecraft:leave_game":3,"minecraft:climb_one_cm":1268,"minecraft:sleep_in_bed":1,"minecraft:time_since_rest":183681,"minecraft:sprint_one_cm":213581,"minecraft:damage_taken":2198,"minecraft:walk_one_cm":139343,"minecraft:damage_blocked_by_shield":418,"minecraft:drop":48,"minecraft:damage_dealt":5606,"minecraft:swim_one_cm":6808,"minecraft:fly_one_cm":273003,"minecraft:crouch_one_cm":18963,"minecraft:play_time":192592,"minecraft:deaths":1,"minecraft:sneak_time":5072,"minecraft:walk_under_water_one_cm":2455,"minecraft:boat_one_cm":68322,"minecraft:jump":1333,"minecraft:walk_on_water_one_cm":3848,"minecraft:total_world_time":192592,"minecraft:fall_one_cm":47474},"minecraft:broken":{"minecraft:golden_sword":1},"minecraft:crafted":{"minecraft:wooden_sword":1,"minecraft:dark_oak_boat":2,"minecraft:spruce_planks":16,"minecraft:wooden_pickaxe":1,"minecraft:stone_axe":2,"minecraft:bread":39,"minecraft:shield":1,"minecraft:stick":12,"minecraft:stone_pickaxe":1,"lolmct:spruce_crafting_table":2,"minecraft:dark_oak_planks":44,"minecraft:wheat":108},"minecraft:mined":{"minecraft:dark_oak_planks":1,"minecraft:brown_mushroom":4,"minecraft:glass_pane":1,"minecraft:mossy_cobblestone":1,"minecraft:stripped_dark_oak_log":6,"minecraft:purple_wall_banner":2,"minecraft:short_grass":23,"minecraft:honey_block":1,"minecraft:grass_block":1,"minecraft:decorated_pot":4,"minecraft:mushroom_stem":3,"minecraft:tall_grass":1,"minecraft:cobblestone":9,"minecraft:spruce_leaves":4,"visualworkbench:lolmct/spruce_crafting_table":7,"minecraft:sugar_cane":3,"minecraft:large_fern":3,"minecraft:hay_block":64,"minecraft:mossy_cobblestone_stairs":1,"minecraft:birch_log":1,"minecraft:iron_ore":3,"minecraft:sweet_berry_bush":5,"minecraft:fire":6,"minecraft:spruce_log":12,"minecraft:dirt_path":1,"minecraft:red_mushroom_block":3,"minecraft:stone":4,"minecraft:oak_leaves":1,"minecraft:fern":4},"minecraft:killed":{"minecraft:pig":2,"minecraft:zombie_villager":1,"minecraft:spider":4,"minecraft:phantom":1,"minecraft:sheep":4,"minecraft:skeleton":5,"minecraft:zombie":7,"minecraft:chicken":1,"minecraft:enderman":1,"minecraft:cow":1},"minecraft:dropped":{"minecraft:spruce_sign":1,"minecraft:stone_axe":1,"minecraft:sweet_berries":25,"minecraft:brown_mushroom":1,"minecraft:wheat_seeds":5,"minecraft:player_head":1,"minecraft:mossy_cobblestone":2,"minecraft:bowl":1,"minecraft:wheat":1,"minecraft:purple_banner":10,"minecraft:rotten_flesh":8,"minecraft:glow_berries":4,"minecraft:carrot":1,"minecraft:pumpkin_seeds":5,"minecraft:leather_helmet":2,"minecraft:mushroom_stew":1,"minecraft:stick":3,"minecraft:leather_chestplate":10,"minecraft:dark_oak_fence":1,"minecraft:torch":1,"minecraft:large_fern":2,"minecraft:golden_sword":1,"minecraft:wooden_sword":2,"minecraft:mossy_cobblestone_stairs":1,"minecraft:paper":5},"minecraft:picked_up":{"minecraft:birch_log":1,"minecraft:leather_chestplate":9,"minecraft:iron_chestplate":1,"minecraft:dark_oak_boat":1,"minecraft:brown_mushroom":4,"minecraft:red_mushroom":9,"lolmct:spruce_crafting_table":7,"minecraft:mushroom_stew":1,"minecraft:golden_sword":1,"minecraft:string":5,"minecraft:dirt":18,"minecraft:wooden_sword":2,"minecraft:purple_banner":10,"minecraft:bone":4,"minecraft:apple":11,"minecraft:bow":1,"minecraft:wheat_seeds":1,"minecraft:beef":1,"minecraft:iron_ingot":2,"minecraft:player_head":3,"minecraft:light_gray_wool":1,"minecraft:sugar_cane":9,"minecraft:dark_oak_sapling":9,"minecraft:raw_iron":2,"minecraft:sweet_berries":13,"minecraft:torch":1,"minecraft:porkchop":3,"minecraft:grass_block":1,"minecraft:spruce_log":11,"minecraft:dark_oak_log":4,"minecraft:mossy_cobblestone":2,"minecraft:dark_oak_planks":1,"minecraft:arrow":6,"minecraft:rotten_flesh":8,"minecraft:hay_block":64,"minecraft:mossy_cobblestone_stairs":1,"minecraft:emerald":2,"minecraft:gold_ingot":5,"minecraft:bread":1,"minecraft:oak_sapling":4,"minecraft:stripped_dark_oak_log":6,"minecraft:dark_oak_fence":1,"minecraft:mutton":7,"minecraft:white_wool":4,"minecraft:cobblestone":10},"minecraft:used":{"lolmct:spruce_crafting_table":8,"minecraft:flint_and_steel":2,"minecraft:stone_pickaxe":15,"minecraft:shield":20,"minecraft:wooden_pickaxe":9,"minecraft:brown_mushroom":3,"minecraft:cooked_salmon":8,"minecraft:iron_chestplate":1,"minecraft:dirt":1,"minecraft:stripped_dark_oak_log":1,"minecraft:mushroom_stew":1,"minecraft:carrot":2,"minecraft:spruce_log":2,"minecraft:obsidian":1,"minecraft:dark_oak_planks":7,"minecraft:bread":24,"minecraft:golden_helmet":1,"minecraft:stone_axe":73,"minecraft:light_gray_wool":1,"minecraft:golden_sword":32,"minecraft:wooden_sword":47,"minecraft:cobblestone":1,"minecraft:bow":1,"minecraft:beef":1,"minecraft:dark_oak_boat":3}},"DataVersion":3953}