{"stats":{"minecraft:picked_up":{"minecraft:crafting_table":9,"minecraft:chicken":5,"minecraft:string":1,"minecraft:moss_carpet":1,"minecraft:raw_copper":6,"minecraft:cobbled_deepslate":113,"minecraft:beef":38,"minecraft:oak_boat":3,"minecraft:poppy":1,"minecraft:sugar_cane":10,"minecraft:egg":2,"minecraft:furnace":9,"minecraft:stick":2,"minecraft:raw_iron":50,"minecraft:torch":5,"minecraft:porkchop":12,"minecraft:diorite":4,"minecraft:redstone":63,"minecraft:arrow":12,"minecraft:rotten_flesh":13,"minecraft:mutton":7,"minecraft:obsidian":36,"minecraft:white_wool":5,"minecraft:rail":42,"minecraft:cobblestone":95,"minecraft:birch_log":7,"minecraft:feather":5,"minecraft:cooked_beef":2,"minecraft:glow_ink_sac":1,"minecraft:leather":15,"minecraft:birch_planks":1,"minecraft:oak_log":12,"minecraft:tuff":3,"minecraft:gunpowder":6,"minecraft:lapis_lazuli":62,"minecraft:dirt":46,"minecraft:bone":14,"minecraft:wheat_seeds":7,"minecraft:raw_gold":44,"minecraft:iron_ingot":13,"minecraft:oak_planks":13,"minecraft:cooked_porkchop":5,"minecraft:sand":9,"minecraft:amethyst_shard":16,"minecraft:white_bed":2,"minecraft:spider_eye":1,"minecraft:diamond":42,"minecraft:oak_sapling":2,"minecraft:coal":63},"minecraft:custom":{"minecraft:mob_kills":69,"minecraft:knockouts":1,"minecraft:interact_with_crafting_table":25,"minecraft:leave_game":8,"minecraft:time_since_death":125250,"minecraft:sprint_one_cm":261988,"minecraft:walk_one_cm":325461,"minecraft:damage_blocked_by_shield":602,"minecraft:drop":40,"minecraft:play_time":125250,"minecraft:sneak_time":11079,"minecraft:walk_under_water_one_cm":3840,"minecraft:boat_one_cm":80575,"minecraft:jump":1924,"minecraft:walk_on_water_one_cm":2827,"minecraft:total_world_time":125250,"minecraft:interact_with_furnace":49,"minecraft:sleep_in_bed":2,"minecraft:time_since_rest":24241,"minecraft:damage_taken":1727,"minecraft:damage_absorbed":60,"minecraft:damage_dealt":10701,"minecraft:swim_one_cm":9473,"minecraft:fly_one_cm":345073,"minecraft:crouch_one_cm":25812,"minecraft:fall_one_cm":51602},"minecraft:used":{"minecraft:moss_carpet":1,"minecraft:poppy":1,"minecraft:shield":22,"minecraft:iron_chestplate":1,"minecraft:torch":7,"minecraft:dirt":18,"minecraft:obsidian":14,"minecraft:lava_bucket":8,"minecraft:iron_axe":65,"minecraft:furnace":8,"minecraft:egg":2,"minecraft:cooked_beef":11,"minecraft:cobbled_deepslate":97,"minecraft:cooked_mutton":5,"minecraft:water_bucket":53,"minecraft:diamond_boots":1,"minecraft:stone_pickaxe":119,"minecraft:wooden_pickaxe":3,"minecraft:diamond_axe":49,"minecraft:sand":1,"minecraft:crafting_table":9,"minecraft:white_bed":2,"minecraft:diamond_pickaxe":213,"minecraft:bread":4,"minecraft:iron_pickaxe":222,"minecraft:stone_axe":94,"minecraft:cobblestone":62,"minecraft:cooked_porkchop":7,"minecraft:bucket":62,"minecraft:oak_boat":2},"minecraft:crafted":{"minecraft:oak_planks":48,"minecraft:furnace":4,"minecraft:cooked_mutton":5,"minecraft:diamond_helmet":1,"minecraft:diamond_leggings":1,"minecraft:iron_axe":1,"minecraft:stone_pickaxe":1,"minecraft:diamond_boots":1,"minecraft:cooked_beef":9,"minecraft:cooked_porkchop":2,"minecraft:diamond_axe":1,"minecraft:crafting_table":1,"minecraft:wooden_pickaxe":1,"minecraft:bucket":1,"minecraft:birch_planks":28,"minecraft:stone_axe":1,"minecraft:air":0,"minecraft:oak_boat":1,"minecraft:iron_chestplate":1,"minecraft:diamond_pickaxe":1,"minecraft:shield":1,"minecraft:stick":20,"minecraft:iron_ingot":27,"minecraft:iron_pickaxe":1,"minecraft:white_bed":1,"minecraft:torch":24,"minecraft:diamond_chestplate":1},"minecraft:dropped":{"minecraft:birch_planks":1,"minecraft:wheat_seeds":7,"minecraft:glow_ink_sac":1,"minecraft:cobblestone":1,"minecraft:stick":2,"minecraft:dirt":28,"minecraft:diorite":4,"minecraft:iron_axe":1,"minecraft:sand":6,"minecraft:iron_pickaxe":1,"minecraft:white_wool":2,"minecraft:bone":4,"minecraft:detector_rail":2,"minecraft:raw_copper":6,"minecraft:tuff":3,"minecraft:oak_planks":1,"minecraft:iron_chestplate":1,"minecraft:oak_sapling":2,"minecraft:arrow":2,"minecraft:wooden_pickaxe":1,"minecraft:stone_pickaxe":1},"minecraft:killed":{"minecraft:witch":1,"minecraft:spider":3,"minecraft:skeleton":14,"minecraft:chicken":5,"minecraft:pig":7,"minecraft:creeper":6,"minecraft:sheep":1,"minecraft:zombie":16,"minecraft:cow":13,"minecraft:enderman":1},"minecraft:broken":{"minecraft:stone_axe":1},"minecraft:mined":{"minecraft:large_amethyst_bud":1,"minecraft:tuff":3,"minecraft:white_bed":2,"minecraft:deepslate_diamond_ore":43,"minecraft:obsidian":41,"minecraft:grass_block":1,"minecraft:large_fern":4,"minecraft:furnace":9,"minecraft:iron_ore":11,"minecraft:cobbled_deepslate":7,"minecraft:andesite":5,"minecraft:moss_carpet":2,"minecraft:deepslate_lapis_ore":9,"minecraft:deepslate_iron_ore":37,"minecraft:rail":42,"minecraft:stone":83,"minecraft:deepslate_redstone_ore":14,"minecraft:amethyst_cluster":4,"minecraft:crafting_table":9,"minecraft:short_grass":49,"minecraft:poppy":1,"minecraft:tall_grass":16,"minecraft:cobblestone":17,"minecraft:deepslate_gold_ore":44,"minecraft:sugar_cane":3,"minecraft:oak_planks":1,"minecraft:diorite":13,"minecraft:wall_torch":5,"minecraft:amethyst_block":1,"minecraft:birch_log":10,"minecraft:birch_leaves":1,"minecraft:oak_log":10,"minecraft:coal_ore":29,"minecraft:sand":3,"minecraft:dirt":4,"minecraft:oak_leaves":2,"minecraft:deepslate":135,"minecraft:fern":11}},"DataVersion":3953}