{"stats":{"minecraft:picked_up":{"minecraft:crafting_table":14,"minecraft:chicken":11,"minecraft:smithing_table":1,"minecraft:gold_block":1,"minecraft:cornflower":2,"minecraft:string":2,"minecraft:moss_carpet":3,"minecraft:raw_copper":6,"minecraft:wooden_sword":1,"minecraft:blackstone":12,"minecraft:gold_nugget":11,"minecraft:cobbled_deepslate":113,"minecraft:bucket":1,"minecraft:beef":44,"minecraft:oak_boat":4,"minecraft:poppy":1,"minecraft:lectern":1,"minecraft:sugar_cane":21,"minecraft:birch_sapling":2,"minecraft:mangrove_log":6,"minecraft:furnace":16,"minecraft:egg":3,"minecraft:dark_oak_sapling":5,"minecraft:stick":2,"minecraft:raw_iron":50,"minecraft:composter":7,"minecraft:torch":5,"minecraft:porkchop":26,"minecraft:white_dye":1,"minecraft:pointed_dripstone":22,"minecraft:diorite":4,"minecraft:redstone":63,"minecraft:arrow":13,"minecraft:rotten_flesh":26,"minecraft:nether_bricks":42,"minecraft:white_terracotta":2,"minecraft:mangrove_roots":1,"minecraft:gold_ingot":1,"minecraft:blaze_rod":12,"minecraft:obsidian":36,"minecraft:mutton":12,"minecraft:rail":42,"minecraft:white_wool":8,"minecraft:cobblestone":131,"minecraft:stripped_oak_log":1,"minecraft:birch_log":8,"minecraft:cooked_beef":2,"minecraft:feather":7,"minecraft:basalt":82,"minecraft:lilac":1,"minecraft:glow_ink_sac":1,"minecraft:leather":19,"minecraft:dark_oak_boat":1,"minecraft:birch_planks":1,"minecraft:tuff":3,"minecraft:oak_log":28,"minecraft:yellow_bed":5,"minecraft:gunpowder":6,"minecraft:lapis_lazuli":62,"minecraft:dirt":71,"minecraft:bone":18,"minecraft:stonecutter":1,"minecraft:wheat_seeds":23,"minecraft:raw_gold":44,"minecraft:iron_ingot":27,"minecraft:glowstone_dust":54,"minecraft:bamboo":11,"minecraft:oak_planks":66,"minecraft:book":12,"minecraft:cooked_porkchop":12,"minecraft:dandelion":1,"minecraft:sand":9,"minecraft:amethyst_shard":16,"minecraft:white_bed":13,"minecraft:dark_oak_log":64,"minecraft:spider_eye":1,"minecraft:diamond":42,"minecraft:oak_sapling":8,"minecraft:netherrack":326,"minecraft:mangrove_propagule":5,"minecraft:coal":63},"minecraft:custom":{"minecraft:mob_kills":123,"minecraft:knockouts":1,"minecraft:interact_with_crafting_table":35,"minecraft:bell_ring":7,"minecraft:leave_game":14,"minecraft:time_since_death":243659,"minecraft:climb_one_cm":713,"minecraft:sprint_one_cm":601284,"minecraft:walk_one_cm":628444,"minecraft:damage_blocked_by_shield":1121,"minecraft:drop":88,"minecraft:play_time":243659,"minecraft:sneak_time":20564,"minecraft:walk_under_water_one_cm":7805,"minecraft:boat_one_cm":400200,"minecraft:jump":4551,"minecraft:walk_on_water_one_cm":12050,"minecraft:total_world_time":243659,"minecraft:interact_with_furnace":94,"minecraft:sleep_in_bed":11,"minecraft:time_since_rest":11971,"minecraft:waystone_activated":2,"minecraft:damage_taken":3403,"minecraft:damage_absorbed":100,"minecraft:damage_dealt":20599,"minecraft:swim_one_cm":90913,"minecraft:fly_one_cm":901833,"minecraft:open_chest":12,"minecraft:crouch_one_cm":65579,"minecraft:fall_one_cm":129778},"minecraft:used":{"minecraft:moss_carpet":3,"minecraft:flint_and_steel":1,"minecraft:poppy":1,"minecraft:chest":2,"minecraft:shield":39,"minecraft:white_terracotta":2,"minecraft:cooked_chicken":3,"minecraft:rotten_flesh":14,"minecraft:netherrack":210,"minecraft:iron_chestplate":1,"minecraft:torch":18,"minecraft:dirt":32,"minecraft:nether_bricks":42,"minecraft:obsidian":16,"minecraft:lava_bucket":10,"minecraft:iron_axe":65,"minecraft:birch_sapling":2,"minecraft:basalt":5,"minecraft:dark_oak_boat":1,"minecraft:furnace":15,"minecraft:egg":3,"minecraft:cooked_beef":17,"minecraft:cobbled_deepslate":97,"minecraft:cooked_mutton":10,"minecraft:water_bucket":53,"minecraft:diamond_boots":1,"minecraft:stone_pickaxe":119,"minecraft:blackstone":8,"minecraft:wooden_pickaxe":3,"minecraft:diamond_axe":373,"minecraft:golden_apple":1,"minecraft:sand":1,"minecraft:crafting_table":14,"minecraft:white_bed":14,"minecraft:cornflower":1,"minecraft:diamond_pickaxe":755,"minecraft:bread":4,"minecraft:iron_pickaxe":222,"minecraft:golden_helmet":1,"minecraft:stone_axe":94,"minecraft:wooden_sword":2,"minecraft:cobblestone":63,"minecraft:cooked_porkchop":19,"minecraft:bucket":65,"minecraft:yellow_bed":5,"minecraft:oak_boat":5,"minecraft:bone_meal":2},"minecraft:crafted":{"minecraft:oak_planks":80,"minecraft:dark_oak_boat":1,"minecraft:cooked_chicken":5,"minecraft:furnace":4,"minecraft:bone_meal":3,"minecraft:cooked_mutton":10,"minecraft:diamond_helmet":1,"minecraft:diamond_leggings":1,"minecraft:iron_axe":1,"minecraft:stone_pickaxe":1,"minecraft:chest":2,"minecraft:diamond_boots":1,"minecraft:dark_oak_planks":24,"minecraft:golden_helmet":1,"minecraft:cooked_beef":15,"minecraft:cooked_porkchop":9,"minecraft:diamond_axe":1,"minecraft:crafting_table":1,"minecraft:wooden_pickaxe":1,"minecraft:bucket":1,"minecraft:birch_planks":28,"minecraft:stone_axe":1,"minecraft:air":0,"minecraft:oak_boat":1,"minecraft:iron_chestplate":1,"minecraft:diamond_pickaxe":1,"minecraft:shield":1,"minecraft:white_dye":1,"minecraft:stick":20,"minecraft:iron_ingot":33,"minecraft:iron_pickaxe":1,"minecraft:gold_ingot":13,"minecraft:white_bed":1,"minecraft:torch":24,"minecraft:diamond_chestplate":1},"minecraft:dropped":{"minecraft:birch_planks":1,"minecraft:wheat_seeds":23,"minecraft:glow_ink_sac":1,"minecraft:cobblestone":1,"minecraft:stick":2,"minecraft:dirt":31,"minecraft:diorite":4,"minecraft:gold_nugget":2,"minecraft:sand":8,"minecraft:iron_axe":1,"minecraft:iron_pickaxe":1,"minecraft:string":2,"minecraft:dark_oak_planks":3,"minecraft:birch_log":1,"minecraft:white_wool":5,"minecraft:gold_ingot":2,"minecraft:bone":4,"minecraft:blackstone":4,"minecraft:mangrove_roots":1,"minecraft:iron_nugget":5,"minecraft:cooked_chicken":2,"minecraft:detector_rail":2,"minecraft:raw_copper":6,"minecraft:tuff":3,"minecraft:chicken":1,"minecraft:rotten_flesh":10,"minecraft:oak_planks":25,"minecraft:mangrove_log":6,"minecraft:iron_chestplate":1,"minecraft:oak_sapling":8,"minecraft:spider_eye":1,"minecraft:white_dye":2,"minecraft:basalt":13,"minecraft:arrow":13,"minecraft:stone_pickaxe":1,"minecraft:wooden_pickaxe":1,"minecraft:netherrack":67},"minecraft:killed":{"minecraft:witch":1,"minecraft:spider":3,"minecraft:skeleton":16,"minecraft:chicken":6,"minecraft:pig":12,"minecraft:creeper":6,"minecraft:sheep":4,"minecraft:zombie":29,"minecraft:wither_skeleton":2,"minecraft:cow":16,"minecraft:enderman":1,"minecraft:blaze":23},"minecraft:broken":{"minecraft:stone_axe":1},"minecraft:mined":{"minecraft:nether_gold_ore":2,"minecraft:large_amethyst_bud":1,"minecraft:tuff":3,"minecraft:white_bed":12,"minecraft:dark_oak_leaves":53,"minecraft:deepslate_diamond_ore":43,"minecraft:dark_oak_log":64,"minecraft:mangrove_roots":15,"minecraft:obsidian":41,"minecraft:nether_bricks":46,"minecraft:grass_block":6,"minecraft:composter":7,"minecraft:mangrove_propagule":8,"minecraft:large_fern":8,"minecraft:glowstone":19,"minecraft:furnace":16,"minecraft:iron_ore":11,"minecraft:cobbled_deepslate":7,"minecraft:fire":43,"minecraft:andesite":5,"minecraft:moss_carpet":4,"minecraft:deepslate_lapis_ore":9,"minecraft:gold_block":1,"minecraft:potatoes":1,"minecraft:bookshelf":4,"minecraft:pointed_dripstone":14,"minecraft:dirt_path":2,"minecraft:deepslate_iron_ore":37,"minecraft:vine":2,"minecraft:rail":42,"minecraft:bamboo":1,"minecraft:stone":119,"minecraft:smithing_table":1,"minecraft:deepslate_redstone_ore":14,"minecraft:blackstone":12,"minecraft:amethyst_cluster":4,"minecraft:basalt":82,"minecraft:dandelion":1,"minecraft:crafting_table":14,"minecraft:short_grass":366,"minecraft:poppy":1,"minecraft:rose_bush":1,"minecraft:lectern":1,"minecraft:tall_grass":36,"minecraft:cobblestone":17,"minecraft:deepslate_gold_ore":44,"minecraft:oak_planks":1,"minecraft:sugar_cane":7,"minecraft:diorite":13,"minecraft:wall_torch":5,"minecraft:amethyst_block":1,"minecraft:white_terracotta":1,"minecraft:birch_log":12,"minecraft:lilac":1,"minecraft:birch_leaves":1,"minecraft:yellow_bed":5,"minecraft:mangrove_leaves":2,"minecraft:oak_log":18,"minecraft:coal_ore":30,"minecraft:dirt":12,"minecraft:dripstone_block":2,"minecraft:sand":3,"minecraft:mangrove_log":6,"minecraft:stonecutter":1,"minecraft:netherrack":325,"minecraft:deepslate":135,"minecraft:oak_leaves":4,"minecraft:fern":34}},"DataVersion":3953}