{"stats":{"minecraft:picked_up":{"minecraft:crafting_table":12,"minecraft:chicken":11,"minecraft:gold_block":1,"minecraft:string":2,"minecraft:moss_carpet":3,"minecraft:raw_copper":6,"minecraft:wooden_sword":1,"minecraft:gold_nugget":11,"minecraft:cobbled_deepslate":113,"minecraft:beef":44,"minecraft:oak_boat":4,"minecraft:poppy":1,"minecraft:sugar_cane":10,"minecraft:birch_sapling":2,"minecraft:furnace":14,"minecraft:egg":3,"minecraft:stick":2,"minecraft:raw_iron":50,"minecraft:torch":5,"minecraft:porkchop":15,"minecraft:white_dye":1,"minecraft:diorite":4,"minecraft:redstone":63,"minecraft:arrow":13,"minecraft:rotten_flesh":22,"minecraft:gold_ingot":1,"minecraft:obsidian":36,"minecraft:mutton":12,"minecraft:rail":42,"minecraft:white_wool":8,"minecraft:cobblestone":96,"minecraft:birch_log":8,"minecraft:cooked_beef":2,"minecraft:feather":7,"minecraft:lilac":1,"minecraft:glow_ink_sac":1,"minecraft:leather":19,"minecraft:birch_planks":1,"minecraft:oak_log":12,"minecraft:tuff":3,"minecraft:gunpowder":6,"minecraft:lapis_lazuli":62,"minecraft:dirt":50,"minecraft:bone":15,"minecraft:wheat_seeds":22,"minecraft:raw_gold":44,"minecraft:iron_ingot":13,"minecraft:glowstone_dust":54,"minecraft:oak_planks":42,"minecraft:cooked_porkchop":7,"minecraft:sand":9,"minecraft:amethyst_shard":16,"minecraft:white_bed":5,"minecraft:spider_eye":1,"minecraft:diamond":42,"minecraft:netherrack":96,"minecraft:oak_sapling":2,"minecraft:coal":63},"minecraft:custom":{"minecraft:mob_kills":90,"minecraft:knockouts":1,"minecraft:interact_with_crafting_table":32,"minecraft:leave_game":9,"minecraft:time_since_death":161155,"minecraft:climb_one_cm":129,"minecraft:sprint_one_cm":353733,"minecraft:walk_one_cm":453539,"minecraft:damage_blocked_by_shield":651,"minecraft:drop":74,"minecraft:play_time":161155,"minecraft:sneak_time":12796,"minecraft:walk_under_water_one_cm":4515,"minecraft:boat_one_cm":164936,"minecraft:jump":2703,"minecraft:walk_on_water_one_cm":5116,"minecraft:total_world_time":161155,"minecraft:interact_with_furnace":81,"minecraft:sleep_in_bed":5,"minecraft:time_since_rest":29453,"minecraft:damage_taken":2076,"minecraft:damage_absorbed":60,"minecraft:damage_dealt":14414,"minecraft:swim_one_cm":13271,"minecraft:fly_one_cm":510745,"minecraft:open_chest":1,"minecraft:crouch_one_cm":35704,"minecraft:fall_one_cm":75943},"minecraft:used":{"minecraft:moss_carpet":3,"minecraft:poppy":1,"minecraft:shield":23,"minecraft:cooked_chicken":3,"minecraft:netherrack":66,"minecraft:iron_chestplate":1,"minecraft:torch":7,"minecraft:dirt":19,"minecraft:obsidian":14,"minecraft:lava_bucket":8,"minecraft:iron_axe":65,"minecraft:birch_sapling":2,"minecraft:furnace":13,"minecraft:egg":3,"minecraft:cooked_beef":12,"minecraft:cobbled_deepslate":97,"minecraft:cooked_mutton":9,"minecraft:water_bucket":53,"minecraft:diamond_boots":1,"minecraft:stone_pickaxe":119,"minecraft:wooden_pickaxe":3,"minecraft:diamond_axe":157,"minecraft:sand":1,"minecraft:crafting_table":12,"minecraft:white_bed":5,"minecraft:diamond_pickaxe":333,"minecraft:bread":4,"minecraft:iron_pickaxe":222,"minecraft:golden_helmet":1,"minecraft:stone_axe":94,"minecraft:wooden_sword":2,"minecraft:cobblestone":63,"minecraft:cooked_porkchop":7,"minecraft:bucket":62,"minecraft:oak_boat":4,"minecraft:bone_meal":2},"minecraft:crafted":{"minecraft:oak_planks":48,"minecraft:cooked_chicken":5,"minecraft:furnace":4,"minecraft:bone_meal":3,"minecraft:cooked_mutton":10,"minecraft:diamond_helmet":1,"minecraft:diamond_leggings":1,"minecraft:iron_axe":1,"minecraft:stone_pickaxe":1,"minecraft:diamond_boots":1,"minecraft:golden_helmet":1,"minecraft:cooked_beef":15,"minecraft:cooked_porkchop":3,"minecraft:diamond_axe":1,"minecraft:crafting_table":1,"minecraft:wooden_pickaxe":1,"minecraft:bucket":1,"minecraft:birch_planks":28,"minecraft:stone_axe":1,"minecraft:air":0,"minecraft:oak_boat":1,"minecraft:iron_chestplate":1,"minecraft:white_dye":1,"minecraft:diamond_pickaxe":1,"minecraft:shield":1,"minecraft:stick":20,"minecraft:iron_ingot":33,"minecraft:iron_pickaxe":1,"minecraft:gold_ingot":4,"minecraft:white_bed":1,"minecraft:torch":24,"minecraft:diamond_chestplate":1},"minecraft:dropped":{"minecraft:birch_planks":1,"minecraft:wheat_seeds":22,"minecraft:glow_ink_sac":1,"minecraft:cobblestone":1,"minecraft:stick":2,"minecraft:dirt":31,"minecraft:diorite":4,"minecraft:gold_nugget":2,"minecraft:sand":8,"minecraft:iron_axe":1,"minecraft:iron_pickaxe":1,"minecraft:string":2,"minecraft:birch_log":1,"minecraft:white_wool":5,"minecraft:gold_ingot":2,"minecraft:bone":4,"minecraft:iron_nugget":5,"minecraft:cooked_chicken":2,"minecraft:detector_rail":2,"minecraft:raw_copper":6,"minecraft:tuff":3,"minecraft:chicken":1,"minecraft:oak_planks":1,"minecraft:iron_chestplate":1,"minecraft:oak_sapling":2,"minecraft:spider_eye":1,"minecraft:white_dye":2,"minecraft:arrow":13,"minecraft:wooden_pickaxe":1,"minecraft:stone_pickaxe":1},"minecraft:killed":{"minecraft:witch":1,"minecraft:spider":3,"minecraft:skeleton":15,"minecraft:chicken":6,"minecraft:pig":8,"minecraft:creeper":6,"minecraft:sheep":4,"minecraft:zombie":28,"minecraft:cow":16,"minecraft:enderman":1},"minecraft:broken":{"minecraft:stone_axe":1},"minecraft:mined":{"minecraft:nether_gold_ore":2,"minecraft:large_amethyst_bud":1,"minecraft:tuff":3,"minecraft:white_bed":3,"minecraft:deepslate_diamond_ore":43,"minecraft:obsidian":41,"minecraft:grass_block":3,"minecraft:large_fern":8,"minecraft:glowstone":19,"minecraft:furnace":14,"minecraft:fire":22,"minecraft:iron_ore":11,"minecraft:cobbled_deepslate":7,"minecraft:andesite":5,"minecraft:moss_carpet":4,"minecraft:deepslate_lapis_ore":9,"minecraft:gold_block":1,"minecraft:deepslate_iron_ore":37,"minecraft:rail":42,"minecraft:stone":86,"minecraft:deepslate_redstone_ore":14,"minecraft:amethyst_cluster":4,"minecraft:dandelion":1,"minecraft:crafting_table":12,"minecraft:short_grass":343,"minecraft:poppy":1,"minecraft:rose_bush":1,"minecraft:tall_grass":30,"minecraft:cobblestone":17,"minecraft:deepslate_gold_ore":44,"minecraft:sugar_cane":3,"minecraft:oak_planks":1,"minecraft:diorite":13,"minecraft:wall_torch":5,"minecraft:amethyst_block":1,"minecraft:birch_log":12,"minecraft:lilac":1,"minecraft:birch_leaves":1,"minecraft:oak_log":10,"minecraft:coal_ore":29,"minecraft:sand":3,"minecraft:dirt":8,"minecraft:netherrack":99,"minecraft:oak_leaves":2,"minecraft:deepslate":135,"minecraft:fern":33}},"DataVersion":3953}