{"stats":{"minecraft:custom":{"lootr:looted_stat":13,"minecraft:interact_with_furnace":1,"minecraft:mob_kills":11,"minecraft:interact_with_crafting_table":9,"minecraft:time_since_death":104148,"minecraft:leave_game":3,"minecraft:sleep_in_bed":1,"minecraft:time_since_rest":99681,"minecraft:sprint_one_cm":126922,"minecraft:damage_taken":1036,"minecraft:walk_one_cm":58669,"minecraft:drop":12,"minecraft:damage_dealt":1380,"minecraft:swim_one_cm":6808,"minecraft:fly_one_cm":152392,"minecraft:crouch_one_cm":2205,"minecraft:play_time":108592,"minecraft:deaths":1,"minecraft:sneak_time":815,"minecraft:walk_under_water_one_cm":2455,"minecraft:boat_one_cm":34794,"minecraft:jump":634,"minecraft:walk_on_water_one_cm":3277,"minecraft:total_world_time":108592,"minecraft:fall_one_cm":20563},"minecraft:crafted":{"minecraft:wooden_sword":1,"minecraft:dark_oak_boat":1,"minecraft:spruce_planks":16,"minecraft:wooden_pickaxe":1,"minecraft:stone_axe":2,"minecraft:shield":1,"minecraft:stick":12,"minecraft:stone_pickaxe":1,"lolmct:spruce_crafting_table":2,"minecraft:dark_oak_planks":24},"minecraft:mined":{"minecraft:brown_mushroom":3,"minecraft:glass_pane":1,"minecraft:mossy_cobblestone":1,"minecraft:purple_wall_banner":2,"minecraft:short_grass":21,"minecraft:grass_block":1,"minecraft:decorated_pot":4,"minecraft:mushroom_stem":1,"minecraft:tall_grass":1,"minecraft:cobblestone":9,"minecraft:spruce_leaves":4,"visualworkbench:lolmct/spruce_crafting_table":3,"minecraft:sugar_cane":3,"minecraft:large_fern":1,"minecraft:hay_block":12,"minecraft:fire":5,"minecraft:spruce_log":10,"minecraft:fern":2},"minecraft:killed":{"minecraft:pig":2,"minecraft:spider":1,"minecraft:sheep":4,"minecraft:skeleton":2},"minecraft:dropped":{"minecraft:stone_axe":1,"minecraft:wheat_seeds":5,"minecraft:player_head":1,"minecraft:mossy_cobblestone":2,"minecraft:glow_berries":4,"minecraft:pumpkin_seeds":5,"minecraft:leather_helmet":1,"minecraft:torch":1,"minecraft:large_fern":2,"minecraft:wooden_sword":2},"minecraft:picked_up":{"minecraft:dark_oak_boat":1,"minecraft:brown_mushroom":3,"minecraft:red_mushroom":3,"lolmct:spruce_crafting_table":3,"minecraft:string":2,"minecraft:dirt":1,"minecraft:wooden_sword":2,"minecraft:purple_banner":2,"minecraft:bone":2,"minecraft:apple":9,"minecraft:bow":1,"minecraft:wheat_seeds":1,"minecraft:iron_ingot":2,"minecraft:player_head":2,"minecraft:light_gray_wool":1,"minecraft:sugar_cane":9,"minecraft:dark_oak_sapling":9,"minecraft:torch":1,"minecraft:porkchop":3,"minecraft:spruce_log":9,"minecraft:mossy_cobblestone":2,"minecraft:arrow":3,"minecraft:hay_block":12,"minecraft:emerald":2,"minecraft:gold_ingot":5,"minecraft:bread":1,"minecraft:oak_sapling":4,"minecraft:mutton":7,"minecraft:white_wool":4,"minecraft:cobblestone":9},"minecraft:used":{"lolmct:spruce_crafting_table":4,"minecraft:stone_pickaxe":6,"minecraft:wooden_pickaxe":9,"minecraft:brown_mushroom":3,"minecraft:cooked_salmon":3,"minecraft:dirt":1,"minecraft:bread":14,"minecraft:golden_helmet":1,"minecraft:stone_axe":13,"minecraft:light_gray_wool":1,"minecraft:wooden_sword":47,"minecraft:bow":1,"minecraft:dark_oak_boat":2}},"DataVersion":3953}