{"stats":{"minecraft:custom":{"lootr:looted_stat":20,"minecraft:interact_with_furnace":1,"minecraft:mob_kills":22,"minecraft:interact_with_crafting_table":11,"minecraft:open_barrel":1,"minecraft:time_since_death":176148,"minecraft:leave_game":3,"minecraft:climb_one_cm":1268,"minecraft:sleep_in_bed":1,"minecraft:time_since_rest":171681,"minecraft:sprint_one_cm":196345,"minecraft:damage_taken":1658,"minecraft:walk_one_cm":114401,"minecraft:damage_blocked_by_shield":292,"minecraft:drop":33,"minecraft:damage_dealt":3703,"minecraft:swim_one_cm":6808,"minecraft:fly_one_cm":243270,"minecraft:crouch_one_cm":12930,"minecraft:play_time":180592,"minecraft:deaths":1,"minecraft:sneak_time":3648,"minecraft:walk_under_water_one_cm":2455,"minecraft:boat_one_cm":34794,"minecraft:jump":1129,"minecraft:walk_on_water_one_cm":3277,"minecraft:total_world_time":180592,"minecraft:fall_one_cm":36234},"minecraft:broken":{"minecraft:golden_sword":1},"minecraft:crafted":{"minecraft:wooden_sword":1,"minecraft:dark_oak_boat":1,"minecraft:spruce_planks":16,"minecraft:wooden_pickaxe":1,"minecraft:stone_axe":2,"minecraft:bread":39,"minecraft:shield":1,"minecraft:stick":12,"minecraft:stone_pickaxe":1,"lolmct:spruce_crafting_table":2,"minecraft:dark_oak_planks":44,"minecraft:wheat":108},"minecraft:mined":{"minecraft:dark_oak_planks":1,"minecraft:brown_mushroom":4,"minecraft:glass_pane":1,"minecraft:mossy_cobblestone":1,"minecraft:stripped_dark_oak_log":6,"minecraft:purple_wall_banner":2,"minecraft:short_grass":23,"minecraft:honey_block":1,"minecraft:grass_block":1,"minecraft:decorated_pot":4,"minecraft:mushroom_stem":2,"minecraft:tall_grass":1,"minecraft:cobblestone":9,"minecraft:spruce_leaves":4,"visualworkbench:lolmct/spruce_crafting_table":5,"minecraft:sugar_cane":3,"minecraft:large_fern":2,"minecraft:hay_block":64,"minecraft:mossy_cobblestone_stairs":1,"minecraft:birch_log":1,"minecraft:iron_ore":3,"minecraft:sweet_berry_bush":5,"minecraft:fire":5,"minecraft:spruce_log":12,"minecraft:dirt_path":1,"minecraft:stone":4,"minecraft:oak_leaves":1,"minecraft:fern":4},"minecraft:killed":{"minecraft:pig":2,"minecraft:zombie_villager":1,"minecraft:spider":4,"minecraft:sheep":4,"minecraft:skeleton":4,"minecraft:zombie":3,"minecraft:chicken":1,"minecraft:cow":1},"minecraft:dropped":{"minecraft:spruce_sign":1,"minecraft:stone_axe":1,"minecraft:sweet_berries":25,"minecraft:brown_mushroom":1,"minecraft:wheat_seeds":5,"minecraft:player_head":1,"minecraft:mossy_cobblestone":2,"minecraft:wheat":1,"minecraft:purple_banner":10,"minecraft:rotten_flesh":2,"minecraft:glow_berries":4,"minecraft:pumpkin_seeds":5,"minecraft:leather_helmet":2,"minecraft:mushroom_stew":1,"minecraft:stick":3,"minecraft:dark_oak_fence":1,"minecraft:torch":1,"minecraft:large_fern":2,"minecraft:golden_sword":1,"minecraft:wooden_sword":2,"minecraft:mossy_cobblestone_stairs":1,"minecraft:paper":5},"minecraft:picked_up":{"minecraft:birch_log":1,"minecraft:dark_oak_boat":1,"minecraft:brown_mushroom":4,"minecraft:red_mushroom":3,"lolmct:spruce_crafting_table":5,"minecraft:mushroom_stew":1,"minecraft:golden_sword":1,"minecraft:string":5,"minecraft:dirt":1,"minecraft:wooden_sword":2,"minecraft:purple_banner":10,"minecraft:bone":3,"minecraft:apple":11,"minecraft:bow":1,"minecraft:wheat_seeds":1,"minecraft:beef":1,"minecraft:iron_ingot":2,"minecraft:player_head":2,"minecraft:light_gray_wool":1,"minecraft:sugar_cane":9,"minecraft:dark_oak_sapling":9,"minecraft:raw_iron":2,"minecraft:sweet_berries":13,"minecraft:torch":1,"minecraft:porkchop":3,"minecraft:spruce_log":11,"minecraft:mossy_cobblestone":2,"minecraft:dark_oak_planks":1,"minecraft:arrow":4,"minecraft:rotten_flesh":2,"minecraft:hay_block":64,"minecraft:mossy_cobblestone_stairs":1,"minecraft:emerald":2,"minecraft:gold_ingot":5,"minecraft:bread":1,"minecraft:oak_sapling":4,"minecraft:stripped_dark_oak_log":6,"minecraft:dark_oak_fence":1,"minecraft:mutton":7,"minecraft:white_wool":4,"minecraft:cobblestone":10},"minecraft:used":{"lolmct:spruce_crafting_table":6,"minecraft:stone_pickaxe":15,"minecraft:shield":12,"minecraft:wooden_pickaxe":9,"minecraft:brown_mushroom":3,"minecraft:cooked_salmon":3,"minecraft:dirt":1,"minecraft:stripped_dark_oak_log":1,"minecraft:mushroom_stew":1,"minecraft:spruce_log":2,"minecraft:obsidian":1,"minecraft:dark_oak_planks":7,"minecraft:bread":24,"minecraft:golden_helmet":1,"minecraft:stone_axe":41,"minecraft:light_gray_wool":1,"minecraft:golden_sword":32,"minecraft:wooden_sword":47,"minecraft:cobblestone":1,"minecraft:bow":1,"minecraft:beef":1,"minecraft:dark_oak_boat":2}},"DataVersion":3953}