{"stats":{"minecraft:custom":{"lootr:looted_stat":20,"minecraft:mob_kills":41,"minecraft:knockouts":1,"minecraft:interact_with_crafting_table":14,"minecraft:open_barrel":1,"minecraft:leave_game":3,"minecraft:time_since_death":200148,"minecraft:climb_one_cm":1268,"minecraft:sprint_one_cm":240975,"minecraft:walk_one_cm":164180,"minecraft:damage_blocked_by_shield":863,"minecraft:drop":62,"minecraft:play_time":204592,"minecraft:deaths":1,"minecraft:sneak_time":5438,"minecraft:walk_under_water_one_cm":3086,"minecraft:boat_one_cm":110379,"minecraft:jump":1559,"minecraft:walk_on_water_one_cm":4786,"minecraft:total_world_time":204592,"minecraft:interact_with_furnace":1,"minecraft:sleep_in_bed":2,"minecraft:time_since_rest":3081,"minecraft:damage_taken":2448,"minecraft:damage_absorbed":22,"minecraft:damage_dealt":7506,"minecraft:swim_one_cm":13186,"minecraft:fly_one_cm":331345,"minecraft:crouch_one_cm":20262,"minecraft:fall_one_cm":52132},"minecraft:broken":{"minecraft:golden_sword":1},"minecraft:crafted":{"minecraft:wooden_sword":1,"minecraft:dark_oak_boat":3,"comforts:sleeping_bag_white":1,"minecraft:stone_pickaxe":1,"minecraft:dark_oak_planks":44,"minecraft:wheat":108,"minecraft:spruce_planks":16,"minecraft:wooden_pickaxe":1,"minecraft:stone_axe":2,"minecraft:bread":39,"minecraft:shield":1,"minecraft:stick":12,"lolmct:spruce_crafting_table":2},"minecraft:mined":{"minecraft:dark_oak_planks":1,"minecraft:tuff":1,"minecraft:mossy_cobblestone":1,"minecraft:grass_block":1,"minecraft:decorated_pot":4,"minecraft:spruce_leaves":4,"visualworkbench:lolmct/spruce_crafting_table":9,"minecraft:large_fern":3,"minecraft:hay_block":64,"minecraft:mossy_cobblestone_stairs":1,"minecraft:fire":6,"minecraft:iron_ore":3,"minecraft:dirt_path":1,"minecraft:stone":4,"minecraft:brown_mushroom":4,"minecraft:glass_pane":1,"minecraft:stripped_dark_oak_log":6,"minecraft:cornflower":5,"minecraft:purple_wall_banner":2,"minecraft:short_grass":44,"minecraft:honey_block":1,"minecraft:mushroom_stem":3,"minecraft:tall_grass":3,"minecraft:cobblestone":9,"minecraft:sugar_cane":3,"minecraft:birch_log":1,"minecraft:sweet_berry_bush":5,"minecraft:spruce_log":12,"minecraft:red_mushroom_block":3,"minecraft:oak_leaves":1,"minecraft:fern":4},"minecraft:killed":{"minecraft:spider":5,"minecraft:phantom":1,"minecraft:skeleton":5,"minecraft:chicken":1,"minecraft:pig":4,"minecraft:zombie_villager":1,"minecraft:sheep":6,"minecraft:zombie":11,"minecraft:enderman":2,"minecraft:cow":1},"minecraft:dropped":{"minecraft:spruce_sign":1,"minecraft:iron_ingot":1,"minecraft:brown_mushroom":1,"minecraft:wheat_seeds":13,"minecraft:mossy_cobblestone":2,"minecraft:diamond":4,"minecraft:glow_berries":4,"minecraft:leather_helmet":2,"minecraft:mushroom_stew":1,"minecraft:stick":3,"minecraft:torch":1,"minecraft:dark_oak_fence":1,"minecraft:large_fern":2,"minecraft:wooden_sword":2,"minecraft:mossy_cobblestone_stairs":1,"minecraft:paper":5,"minecraft:stone_axe":1,"minecraft:sweet_berries":25,"minecraft:player_head":1,"minecraft:bowl":1,"minecraft:wheat":1,"minecraft:purple_banner":10,"minecraft:rotten_flesh":9,"minecraft:pumpkin_seeds":5,"minecraft:carrot":1,"minecraft:leather_chestplate":10,"minecraft:golden_sword":1},"minecraft:picked_up":{"minecraft:iron_chestplate":1,"minecraft:brown_mushroom":4,"lolmct:spruce_crafting_table":9,"minecraft:golden_sword":1,"minecraft:cornflower":3,"minecraft:string":7,"minecraft:wooden_sword":2,"minecraft:purple_banner":10,"comforts:sleeping_bag_white":1,"minecraft:beef":1,"minecraft:player_head":3,"minecraft:light_gray_wool":1,"minecraft:sugar_cane":9,"minecraft:egg":1,"minecraft:dark_oak_sapling":9,"minecraft:raw_iron":2,"minecraft:torch":1,"minecraft:porkchop":6,"minecraft:dark_oak_planks":1,"minecraft:arrow":6,"minecraft:rotten_flesh":12,"minecraft:hay_block":64,"minecraft:gold_ingot":5,"minecraft:mutton":9,"minecraft:cobblestone":10,"minecraft:white_wool":6,"minecraft:birch_log":1,"minecraft:leather_chestplate":9,"minecraft:dark_oak_boat":1,"minecraft:red_mushroom":9,"minecraft:mushroom_stew":1,"minecraft:tuff":1,"minecraft:dirt":18,"minecraft:bone":4,"minecraft:apple":11,"minecraft:bow":1,"minecraft:wheat_seeds":9,"minecraft:iron_ingot":2,"minecraft:sweet_berries":13,"minecraft:spruce_log":11,"minecraft:grass_block":2,"minecraft:dark_oak_log":4,"minecraft:mossy_cobblestone":2,"minecraft:diamond":4,"minecraft:mossy_cobblestone_stairs":1,"minecraft:bread":1,"minecraft:emerald":2,"minecraft:oak_sapling":4,"minecraft:dark_oak_fence":1,"minecraft:stripped_dark_oak_log":6},"minecraft:used":{"lolmct:spruce_crafting_table":10,"minecraft:flint_and_steel":4,"minecraft:shield":33,"minecraft:cooked_salmon":8,"minecraft:player_head":1,"minecraft:iron_chestplate":1,"minecraft:dirt":1,"minecraft:carrot":2,"minecraft:tuff":1,"minecraft:obsidian":1,"minecraft:dark_oak_planks":7,"minecraft:grass_block":1,"minecraft:light_gray_wool":1,"minecraft:golden_sword":32,"minecraft:bow":1,"minecraft:beef":1,"minecraft:dark_oak_boat":4,"minecraft:egg":1,"comforts:sleeping_bag_white":1,"minecraft:stone_pickaxe":16,"minecraft:wooden_pickaxe":9,"minecraft:brown_mushroom":3,"minecraft:stripped_dark_oak_log":1,"minecraft:mushroom_stew":1,"minecraft:spruce_log":2,"minecraft:cornflower":3,"minecraft:bread":29,"minecraft:golden_helmet":1,"minecraft:stone_axe":101,"minecraft:wooden_sword":47,"minecraft:cobblestone":1}},"DataVersion":3953}