{"stats":{"minecraft:used":{"minecraft:apple":23,"minecraft:dark_oak_log":3,"minecraft:bread":10,"minecraft:iron_pickaxe":36,"minecraft:iron_sword":27,"minecraft:oak_sapling":1,"minecraft:potato":6},"minecraft:killed":{"minecraft:sheep":2,"minecraft:zombie":1,"minecraft:pig":4},"minecraft:custom":{"minecraft:time_since_rest":16723,"lootr:looted_stat":16,"minecraft:sprint_one_cm":100113,"minecraft:damage_absorbed":78,"minecraft:damage_taken":839,"minecraft:walk_one_cm":109010,"minecraft:mob_kills":7,"minecraft:drop":8,"minecraft:damage_dealt":1189,"minecraft:knockouts":4,"minecraft:swim_one_cm":4268,"minecraft:interact_with_crafting_table":5,"minecraft:fly_one_cm":108661,"minecraft:open_barrel":1,"minecraft:crouch_one_cm":377,"minecraft:play_time":27012,"minecraft:sneak_time":63,"minecraft:walk_under_water_one_cm":833,"minecraft:jump":723,"minecraft:leave_game":3,"minecraft:time_since_death":27012,"minecraft:walk_on_water_one_cm":2994,"minecraft:sleep_in_bed":2,"minecraft:interact_with_smoker":2,"minecraft:total_world_time":27012,"minecraft:fall_one_cm":15890},"minecraft:dropped":{"minecraft:iron_ingot":2,"minecraft:dirt":3,"minecraft:apple":5},"minecraft:crafted":{"minecraft:spruce_planks":4,"minecraft:stick":4,"minecraft:iron_sword":1},"minecraft:picked_up":{"minecraft:stick":2,"minecraft:raw_iron":2,"minecraft:black_bed":2,"minecraft:torch":1,"minecraft:porkchop":6,"minecraft:spruce_log":1,"minecraft:dark_oak_log":2,"minecraft:dirt":6,"minecraft:apple":1,"minecraft:spruce_planks":1,"minecraft:spruce_slab":1,"minecraft:mutton":2,"minecraft:coal":13,"minecraft:white_wool":2},"minecraft:mined":{"minecraft:large_fern":1,"minecraft:iron_ore":2,"minecraft:dark_oak_log":2,"minecraft:birch_leaves":2,"minecraft:black_bed":2,"minecraft:short_grass":1,"minecraft:grass_block":2,"minecraft:coal_ore":20,"minecraft:decorated_pot":1,"minecraft:dirt_path":1,"minecraft:stone":3,"minecraft:fern":1}},"DataVersion":3953}