{"stats":{"minecraft:mined":{"minecraft:large_amethyst_bud":1,"minecraft:oak_sapling":1,"minecraft:fire":1,"minecraft:sweet_berry_bush":3,"minecraft:mangrove_roots":2,"minecraft:short_grass":1,"minecraft:lime_wall_banner":2,"minecraft:decorated_pot":2,"minecraft:sand":32,"minecraft:cobblestone":3,"minecraft:sugar_cane":1,"visualworkbench:lolmct/spruce_crafting_table":1,"minecraft:red_mushroom":1,"minecraft:spruce_slab":1},"minecraft:picked_up":{"minecraft:dark_oak_sapling":2,"minecraft:stick":2,"minecraft:feather":2,"minecraft:chicken":1,"minecraft:sweet_berries":38,"minecraft:torch":2,"minecraft:red_mushroom":1,"lolmct:spruce_crafting_table":1,"minecraft:sand":31,"minecraft:lantern":1,"minecraft:lime_banner":2,"minecraft:arrow":1,"minecraft:bone":1,"minecraft:stone_axe":1,"minecraft:decorated_pot":2,"minecraft:spruce_planks":2,"minecraft:mangrove_roots":1,"minecraft:sugar_cane":3,"minecraft:mutton":2,"minecraft:white_wool":1,"minecraft:cobblestone":3},"minecraft:custom":{"minecraft:time_since_rest":26470,"lootr:looted_stat":20,"minecraft:sprint_one_cm":157765,"minecraft:damage_absorbed":40,"minecraft:damage_taken":994,"minecraft:walk_one_cm":80903,"minecraft:mob_kills":3,"minecraft:drop":10,"minecraft:damage_dealt":461,"minecraft:knockouts":3,"minecraft:talked_to_villager":11,"minecraft:swim_one_cm":225527,"minecraft:interact_with_crafting_table":3,"minecraft:fly_one_cm":224572,"minecraft:open_barrel":1,"minecraft:crouch_one_cm":481,"minecraft:play_time":36730,"minecraft:deaths":1,"minecraft:sneak_time":288,"minecraft:walk_under_water_one_cm":6815,"minecraft:jump":983,"minecraft:leave_game":4,"minecraft:walk_on_water_one_cm":13335,"minecraft:time_since_death":36122,"minecraft:sleep_in_bed":3,"minecraft:total_world_time":36730,"minecraft:climb_one_cm":73,"minecraft:fall_one_cm":28406},"minecraft:dropped":{"minecraft:mangrove_roots":1,"minecraft:bowl":2,"minecraft:mutton":2,"minecraft:dark_oak_sapling":4,"minecraft:chicken":1,"minecraft:feather":2,"minecraft:arrow":1,"minecraft:white_wool":1,"minecraft:bone":1},"minecraft:killed":{"minecraft:sheep":1,"minecraft:zombie":1,"minecraft:chicken":1},"minecraft:killed_by":{"minecraft:player":1},"minecraft:crafted":{"minecraft:stick":4,"minecraft:spruce_planks":20,"minecraft:wooden_pickaxe":1,"minecraft:stone_pickaxe":1},"minecraft:used":{"lolmct:spruce_crafting_table":1,"minecraft:apple":3,"minecraft:bread":15,"minecraft:lantern":1,"minecraft:stone_pickaxe":1,"minecraft:suspicious_stew":2,"minecraft:decorated_pot":2,"minecraft:iron_helmet":1,"minecraft:wooden_pickaxe":3,"minecraft:iron_boots":1,"minecraft:stone_axe":5,"minecraft:torch":2,"minecraft:sand":4,"minecraft:sweet_berries":3,"minecraft:red_mushroom":1}},"DataVersion":3953}