{"stats":{"minecraft:picked_up":{"minecraft:crafting_table":11,"minecraft:azure_bluet":3,"minecraft:chicken":7,"minecraft:stone_slab":1,"minecraft:wooden_pickaxe":1,"minecraft:oak_stairs":6,"minecraft:stone_brick_stairs":1,"minecraft:shield":2,"minecraft:brick":4,"minecraft:string":13,"minecraft:raw_copper":12,"minecraft:flint_and_steel":4,"minecraft:blackstone":25,"minecraft:cracked_stone_bricks":1,"minecraft:diamond_leggings":3,"minecraft:cobbled_deepslate":69,"minecraft:player_head":11,"minecraft:sugar_cane":72,"minecraft:furnace":7,"minecraft:egg":1,"minecraft:dark_oak_sapling":1,"minecraft:stick":32,"minecraft:raw_iron":205,"minecraft:torch":9,"minecraft:porkchop":40,"minecraft:cherry_log":97,"minecraft:diorite":18,"minecraft:redstone":4,"minecraft:dark_oak_planks":5,"minecraft:arrow":6,"minecraft:rotten_flesh":7,"minecraft:diamond_chestplate":2,"minecraft:tropical_fish":5,"minecraft:vex_armor_trim_smithing_template":4,"minecraft:diamond_boots":3,"minecraft:totem_of_undying":3,"minecraft:mutton":40,"minecraft:snowball":7,"minecraft:white_wool":21,"minecraft:cobblestone":62,"minecraft:birch_log":3,"minecraft:feather":5,"minecraft:cooked_beef":21,"minecraft:glow_ink_sac":1,"minecraft:water_bucket":4,"minecraft:andesite":10,"minecraft:dark_oak_boat":3,"minecraft:birch_planks":8,"minecraft:flint":1,"minecraft:tuff":6,"minecraft:oak_log":11,"minecraft:gunpowder":23,"minecraft:dirt":99,"minecraft:name_tag":9,"minecraft:bone":7,"minecraft:stone_bricks":6,"minecraft:wheat_seeds":27,"minecraft:raw_gold":212,"minecraft:iron_ingot":12,"minecraft:stone_pickaxe":5,"minecraft:mossy_stone_bricks":1,"minecraft:diamond_helmet":3,"minecraft:oxidized_cut_copper":1,"minecraft:oak_planks":4,"minecraft:mossy_stone_brick_stairs":1,"minecraft:gravel":35,"minecraft:spruce_sapling":4,"minecraft:ink_sac":4,"minecraft:white_bed":7,"minecraft:spruce_log":107,"minecraft:dark_oak_log":17,"minecraft:mossy_stone_brick_slab":1,"minecraft:spider_eye":6,"minecraft:polished_andesite":1,"minecraft:diamond":46,"minecraft:stone_axe":3,"waystones:waystone":1,"minecraft:granite":12,"minecraft:diamond_axe":5,"minecraft:cherry_sapling":48,"minecraft:gray_wool":1,"minecraft:bread":3,"minecraft:emerald":12,"minecraft:black_wool":2,"minecraft:coal":83,"minecraft:diamond_pickaxe":3},"minecraft:custom":{"minecraft:mob_kills":91,"minecraft:knockouts":7,"minecraft:interact_with_crafting_table":26,"minecraft:open_barrel":3,"minecraft:leave_game":5,"minecraft:time_since_death":84077,"minecraft:climb_one_cm":4380,"minecraft:sprint_one_cm":610866,"minecraft:walk_one_cm":395854,"minecraft:damage_blocked_by_shield":1308,"minecraft:drop":123,"minecraft:play_time":220938,"minecraft:sneak_time":5746,"minecraft:deaths":5,"minecraft:walk_under_water_one_cm":31884,"minecraft:boat_one_cm":486055,"minecraft:jump":4570,"minecraft:walk_on_water_one_cm":55154,"minecraft:total_world_time":220938,"minecraft:interact_with_furnace":58,"minecraft:sleep_in_bed":16,"minecraft:time_since_rest":8863,"minecraft:waystone_activated":2,"minecraft:damage_taken":3328,"minecraft:damage_absorbed":279,"minecraft:damage_dealt":13799,"minecraft:swim_one_cm":118687,"minecraft:fly_one_cm":902010,"minecraft:open_chest":11,"minecraft:crouch_one_cm":15180,"minecraft:fall_one_cm":135715},"minecraft:used":{"minecraft:iron_shovel":89,"minecraft:flint_and_steel":1,"minecraft:chest":2,"minecraft:shield":133,"minecraft:rotten_flesh":2,"minecraft:mossy_stone_brick_slab":1,"minecraft:player_head":1,"minecraft:oxidized_cut_copper":1,"minecraft:torch":65,"minecraft:dirt":83,"minecraft:mutton":9,"minecraft:tuff":6,"minecraft:granite":12,"minecraft:stone_brick_stairs":1,"minecraft:stone_bricks":6,"minecraft:dark_oak_boat":4,"minecraft:furnace":10,"minecraft:egg":1,"minecraft:cooked_beef":17,"minecraft:cobbled_deepslate":66,"minecraft:cherry_log":2,"minecraft:cooked_mutton":2,"minecraft:water_bucket":155,"minecraft:mossy_stone_bricks":1,"minecraft:diorite":10,"minecraft:birch_planks":1,"minecraft:stone_pickaxe":94,"minecraft:polished_andesite":1,"minecraft:blackstone":1,"minecraft:wooden_pickaxe":7,"minecraft:mossy_stone_brick_stairs":1,"minecraft:diamond_axe":258,"minecraft:cracked_stone_bricks":1,"minecraft:white_wool":8,"minecraft:crafting_table":14,"minecraft:white_bed":8,"minecraft:oak_log":2,"waystones:waystone":1,"minecraft:black_wool":1,"minecraft:diamond_pickaxe":146,"minecraft:dark_oak_log":1,"minecraft:chicken":4,"minecraft:bread":7,"minecraft:iron_pickaxe":250,"minecraft:gravel":35,"minecraft:stone_axe":90,"minecraft:cobblestone":48,"minecraft:porkchop":8,"minecraft:cooked_porkchop":8,"minecraft:andesite":7,"minecraft:bucket":156,"minecraft:oak_boat":1},"minecraft:crafted":{"minecraft:oak_planks":36,"minecraft:dark_oak_boat":1,"minecraft:furnace":3,"minecraft:cooked_mutton":2,"minecraft:flint_and_steel":1,"minecraft:diamond_helmet":1,"minecraft:diamond_leggings":1,"minecraft:stone_pickaxe":1,"minecraft:chest":2,"minecraft:diamond_boots":1,"minecraft:dark_oak_planks":16,"minecraft:cooked_beef":17,"minecraft:cooked_porkchop":20,"minecraft:diamond_axe":1,"minecraft:crafting_table":4,"minecraft:spruce_planks":48,"minecraft:wooden_pickaxe":1,"minecraft:bucket":1,"minecraft:birch_planks":12,"minecraft:stone_axe":2,"minecraft:air":0,"minecraft:bread":2,"minecraft:oak_boat":1,"minecraft:diamond_pickaxe":1,"minecraft:shield":1,"minecraft:stick":84,"minecraft:iron_ingot":7,"minecraft:iron_pickaxe":1,"minecraft:iron_shovel":1,"minecraft:white_bed":1,"minecraft:torch":180,"minecraft:diamond_chestplate":1},"minecraft:dropped":{"minecraft:water_bucket":1,"minecraft:birch_planks":2,"minecraft:wheat_seeds":27,"minecraft:diamond_axe":2,"minecraft:glow_ink_sac":1,"minecraft:crafting_table":1,"minecraft:dark_oak_sapling":1,"minecraft:feather":3,"minecraft:cobblestone":6,"minecraft:iron_horse_armor":1,"minecraft:tropical_fish":5,"minecraft:rail":12,"minecraft:stick":1,"minecraft:dirt":16,"minecraft:gray_wool":1,"minecraft:diorite":8,"minecraft:ink_sac":4,"minecraft:mutton":2,"minecraft:snowball":7,"minecraft:oak_stairs":2,"minecraft:string":23,"minecraft:white_wool":7,"minecraft:bucket":1,"minecraft:music_disc_cat":1,"minecraft:spruce_sapling":1,"minecraft:redstone":6,"minecraft:bone":24,"minecraft:raw_copper":12,"minecraft:wheat":2,"minecraft:rotten_flesh":6,"minecraft:stone_slab":1,"minecraft:azure_bluet":3,"minecraft:pumpkin_seeds":5,"minecraft:gunpowder":2,"minecraft:diamond_pickaxe":1,"minecraft:andesite":3,"minecraft:melon_seeds":2,"minecraft:spider_eye":6,"minecraft:spruce_log":6,"minecraft:arrow":3,"minecraft:powered_rail":4,"minecraft:black_wool":1,"minecraft:brick":4},"minecraft:killed":{"minecraft:evoker":1,"minecraft:cave_spider":5,"minecraft:spider":3,"minecraft:skeleton":15,"minecraft:chicken":4,"minecraft:pig":13,"minecraft:creeper":4,"minecraft:sheep":19,"minecraft:goat":1,"minecraft:zombie":25},"minecraft:broken":{"minecraft:stone_axe":1,"minecraft:iron_pickaxe":1},"minecraft:killed_by":{"minecraft:vindicator":1,"minecraft:zombie":1,"minecraft:vex":1},"minecraft:mined":{"minecraft:tuff":5,"minecraft:white_bed":7,"minecraft:deepslate_diamond_ore":34,"minecraft:mossy_stone_brick_slab":1,"minecraft:cherry_log":21,"minecraft:dark_oak_log":5,"minecraft:potted_dead_bush":1,"minecraft:granite":12,"minecraft:grass_block":25,"minecraft:decorated_pot":1,"minecraft:spawner":1,"minecraft:oxidized_cut_copper":1,"minecraft:furnace":7,"minecraft:iron_ore":27,"minecraft:cobbled_deepslate":8,"minecraft:snow":9,"minecraft:andesite":10,"minecraft:mossy_stone_brick_stairs":1,"minecraft:deepslate_iron_ore":54,"minecraft:stone":60,"minecraft:white_wool":1,"minecraft:podzol":1,"minecraft:glass_pane":3,"minecraft:blackstone":25,"minecraft:player_wall_head":1,"minecraft:crafting_table":10,"minecraft:torch":1,"minecraft:short_grass":7,"minecraft:copper_ore":2,"minecraft:stone_slab":1,"minecraft:tall_grass":4,"minecraft:cobblestone":1,"minecraft:deepslate_gold_ore":49,"minecraft:sugar_cane":12,"minecraft:wall_torch":5,"minecraft:diorite":14,"minecraft:deepslate_copper_ore":1,"minecraft:pink_petals":1,"minecraft:birch_planks":1,"minecraft:birch_log":3,"minecraft:sweet_berry_bush":1,"minecraft:ice":107,"minecraft:spruce_log":107,"minecraft:stone_brick_stairs":1,"minecraft:oak_log":11,"minecraft:coal_ore":48,"minecraft:cherry_leaves":1,"minecraft:gravel":36,"minecraft:sand":9,"minecraft:dirt":65,"minecraft:cracked_stone_bricks":1,"minecraft:polished_andesite":1,"minecraft:stone_bricks":6,"minecraft:gold_ore":4,"minecraft:mossy_stone_bricks":1,"minecraft:deepslate":48,"minecraft:oak_leaves":2,"minecraft:fern":3}},"DataVersion":3953}