{"stats":{"minecraft:mined":{"minecraft:tuff":5,"minecraft:white_bed":7,"minecraft:deepslate_diamond_ore":34,"minecraft:mossy_stone_brick_slab":1,"minecraft:cherry_log":21,"minecraft:dark_oak_log":5,"minecraft:cave_vines_plant":1,"minecraft:potted_dead_bush":1,"minecraft:granite":19,"minecraft:grass_block":25,"minecraft:decorated_pot":1,"minecraft:spawner":1,"minecraft:oxidized_cut_copper":1,"minecraft:furnace":7,"minecraft:iron_ore":29,"minecraft:cobbled_deepslate":8,"minecraft:snow":9,"minecraft:andesite":43,"minecraft:mossy_stone_brick_stairs":1,"minecraft:deepslate_iron_ore":54,"minecraft:azalea":1,"minecraft:stone":1469,"minecraft:white_wool":1,"minecraft:podzol":1,"minecraft:flowering_azalea":2,"minecraft:glass_pane":3,"minecraft:blackstone":25,"minecraft:player_wall_head":1,"minecraft:crafting_table":10,"minecraft:torch":6,"minecraft:short_grass":10,"minecraft:emerald_ore":2,"minecraft:copper_ore":2,"minecraft:stone_slab":1,"minecraft:tall_grass":4,"minecraft:cobblestone":52,"minecraft:deepslate_gold_ore":49,"minecraft:sugar_cane":12,"minecraft:wall_torch":18,"minecraft:diorite":14,"minecraft:deepslate_copper_ore":1,"minecraft:pink_petals":1,"minecraft:birch_planks":1,"minecraft:birch_log":3,"minecraft:sweet_berry_bush":1,"minecraft:ice":107,"minecraft:spruce_log":107,"minecraft:stone_brick_stairs":1,"minecraft:oak_log":11,"minecraft:coal_ore":180,"minecraft:cherry_leaves":1,"minecraft:gravel":36,"minecraft:sand":9,"minecraft:dirt":65,"minecraft:cracked_stone_bricks":1,"minecraft:stone_bricks":6,"minecraft:polished_andesite":1,"minecraft:gold_ore":4,"minecraft:mossy_stone_bricks":1,"minecraft:deepslate":48,"minecraft:oak_leaves":2,"minecraft:fern":3},"minecraft:broken":{"minecraft:diamond_pickaxe":1,"minecraft:stone_axe":1,"minecraft:iron_pickaxe":1},"minecraft:killed":{"minecraft:evoker":1,"minecraft:cave_spider":5,"minecraft:spider":5,"minecraft:skeleton":16,"minecraft:chicken":4,"minecraft:pig":13,"minecraft:creeper":4,"minecraft:sheep":19,"minecraft:goat":1,"minecraft:zombie":30},"minecraft:picked_up":{"minecraft:crafting_table":11,"minecraft:azure_bluet":3,"minecraft:chicken":7,"minecraft:stone_slab":1,"minecraft:wooden_pickaxe":1,"minecraft:oak_stairs":6,"minecraft:stone_brick_stairs":1,"minecraft:shield":2,"minecraft:brick":4,"minecraft:string":15,"minecraft:raw_copper":12,"minecraft:flint_and_steel":4,"minecraft:blackstone":25,"minecraft:cracked_stone_bricks":1,"minecraft:diamond_leggings":3,"minecraft:cobbled_deepslate":69,"minecraft:player_head":11,"minecraft:azalea":1,"minecraft:sugar_cane":72,"minecraft:furnace":7,"minecraft:egg":1,"minecraft:dark_oak_sapling":1,"minecraft:stick":32,"minecraft:raw_iron":207,"minecraft:torch":29,"minecraft:porkchop":40,"minecraft:cherry_log":97,"minecraft:diorite":18,"minecraft:redstone":4,"minecraft:dark_oak_planks":5,"minecraft:arrow":10,"minecraft:rotten_flesh":14,"minecraft:diamond_chestplate":2,"minecraft:tropical_fish":5,"minecraft:vex_armor_trim_smithing_template":4,"minecraft:diamond_boots":3,"minecraft:totem_of_undying":3,"minecraft:mutton":40,"minecraft:snowball":7,"minecraft:white_wool":21,"minecraft:cobblestone":1515,"minecraft:birch_log":3,"minecraft:feather":5,"minecraft:cooked_beef":21,"minecraft:glow_ink_sac":1,"minecraft:water_bucket":4,"minecraft:andesite":43,"minecraft:dark_oak_boat":4,"minecraft:birch_planks":8,"minecraft:flint":1,"minecraft:tuff":6,"minecraft:oak_log":11,"minecraft:gunpowder":23,"minecraft:dirt":99,"minecraft:name_tag":9,"minecraft:bone":7,"minecraft:stone_bricks":6,"minecraft:bow":2,"minecraft:wheat_seeds":27,"minecraft:raw_gold":212,"minecraft:iron_ingot":12,"minecraft:stone_pickaxe":5,"minecraft:mossy_stone_bricks":1,"minecraft:diamond_helmet":3,"minecraft:oxidized_cut_copper":1,"minecraft:oak_planks":4,"minecraft:flowering_azalea":2,"minecraft:mossy_stone_brick_stairs":1,"minecraft:gravel":35,"minecraft:spruce_sapling":4,"minecraft:ink_sac":4,"minecraft:white_bed":7,"minecraft:spruce_log":107,"minecraft:dark_oak_log":17,"minecraft:mossy_stone_brick_slab":1,"minecraft:spider_eye":6,"minecraft:polished_andesite":1,"minecraft:diamond":46,"minecraft:stone_axe":3,"waystones:waystone":1,"minecraft:granite":19,"minecraft:diamond_axe":6,"minecraft:cherry_sapling":48,"minecraft:gray_wool":1,"minecraft:bread":3,"minecraft:emerald":14,"minecraft:black_wool":2,"minecraft:coal":214,"minecraft:diamond_pickaxe":3},"minecraft:crafted":{"minecraft:oak_planks":36,"minecraft:dark_oak_boat":1,"minecraft:furnace":3,"minecraft:cooked_mutton":19,"minecraft:flint_and_steel":1,"minecraft:diamond_helmet":1,"minecraft:diamond_leggings":1,"minecraft:stone_pickaxe":1,"minecraft:chest":2,"minecraft:diamond_boots":1,"minecraft:dark_oak_planks":16,"minecraft:cooked_beef":17,"minecraft:cooked_porkchop":22,"minecraft:diamond_axe":1,"minecraft:crafting_table":4,"minecraft:spruce_planks":48,"minecraft:wooden_pickaxe":1,"minecraft:bucket":1,"minecraft:birch_planks":12,"minecraft:stone_axe":2,"minecraft:air":0,"minecraft:bread":2,"minecraft:oak_boat":1,"minecraft:diamond_pickaxe":2,"minecraft:shield":1,"minecraft:stick":84,"minecraft:iron_ingot":73,"minecraft:iron_pickaxe":2,"minecraft:iron_shovel":1,"minecraft:gold_ingot":53,"minecraft:white_bed":1,"minecraft:torch":180,"minecraft:diamond_chestplate":1},"minecraft:killed_by":{"minecraft:vindicator":1,"minecraft:zombie":1,"minecraft:vex":1},"minecraft:used":{"minecraft:azalea":1,"minecraft:iron_shovel":89,"minecraft:flint_and_steel":1,"minecraft:chest":2,"minecraft:shield":134,"minecraft:rotten_flesh":2,"minecraft:mossy_stone_brick_slab":1,"minecraft:player_head":1,"minecraft:oxidized_cut_copper":1,"minecraft:torch":178,"minecraft:dirt":83,"minecraft:mutton":9,"minecraft:tuff":6,"minecraft:granite":19,"minecraft:flowering_azalea":2,"minecraft:stone_brick_stairs":1,"minecraft:stone_bricks":6,"minecraft:dark_oak_boat":5,"minecraft:furnace":10,"minecraft:egg":1,"minecraft:cooked_beef":17,"minecraft:cobbled_deepslate":66,"minecraft:cherry_log":2,"minecraft:cooked_mutton":2,"minecraft:water_bucket":198,"minecraft:mossy_stone_bricks":1,"minecraft:diorite":10,"minecraft:birch_planks":1,"minecraft:stone_pickaxe":94,"minecraft:polished_andesite":1,"minecraft:blackstone":1,"minecraft:wooden_pickaxe":7,"minecraft:mossy_stone_brick_stairs":1,"minecraft:diamond_axe":278,"minecraft:cracked_stone_bricks":1,"minecraft:white_wool":8,"minecraft:crafting_table":14,"minecraft:white_bed":8,"minecraft:oak_log":2,"waystones:waystone":1,"minecraft:black_wool":1,"minecraft:diamond_pickaxe":1565,"minecraft:dark_oak_log":1,"minecraft:chicken":4,"minecraft:bread":7,"minecraft:iron_pickaxe":471,"minecraft:gravel":35,"minecraft:stone_axe":90,"minecraft:cobblestone":834,"minecraft:porkchop":8,"minecraft:cooked_porkchop":12,"minecraft:andesite":40,"minecraft:bucket":199,"minecraft:oak_boat":1},"minecraft:custom":{"minecraft:mob_kills":99,"minecraft:knockouts":7,"minecraft:interact_with_crafting_table":30,"minecraft:open_barrel":3,"minecraft:leave_game":9,"minecraft:time_since_death":182634,"minecraft:climb_one_cm":4380,"minecraft:sprint_one_cm":645317,"minecraft:walk_one_cm":562838,"minecraft:damage_blocked_by_shield":1308,"minecraft:drop":129,"minecraft:play_time":319495,"minecraft:sneak_time":17716,"minecraft:deaths":5,"minecraft:walk_under_water_one_cm":126222,"minecraft:boat_one_cm":720052,"minecraft:jump":5178,"minecraft:walk_on_water_one_cm":159758,"minecraft:total_world_time":319495,"minecraft:interact_with_furnace":93,"minecraft:sleep_in_bed":18,"minecraft:time_since_rest":17769,"minecraft:waystone_activated":3,"minecraft:damage_taken":3578,"minecraft:damage_absorbed":279,"minecraft:damage_dealt":15252,"minecraft:swim_one_cm":220566,"minecraft:fly_one_cm":923927,"minecraft:open_chest":24,"minecraft:crouch_one_cm":49290,"minecraft:fall_one_cm":142359},"minecraft:dropped":{"minecraft:water_bucket":1,"minecraft:birch_planks":2,"minecraft:wheat_seeds":27,"minecraft:diamond_axe":3,"minecraft:glow_ink_sac":1,"minecraft:crafting_table":1,"minecraft:dark_oak_sapling":1,"minecraft:feather":3,"minecraft:cobblestone":7,"minecraft:iron_horse_armor":1,"minecraft:tropical_fish":5,"minecraft:rail":12,"minecraft:stick":1,"minecraft:dirt":16,"minecraft:gray_wool":1,"minecraft:diorite":8,"minecraft:ink_sac":4,"minecraft:mutton":2,"minecraft:snowball":7,"minecraft:oak_stairs":2,"minecraft:string":25,"minecraft:white_wool":7,"minecraft:bucket":1,"minecraft:music_disc_cat":1,"minecraft:spruce_sapling":1,"minecraft:redstone":6,"minecraft:bone":24,"minecraft:raw_copper":12,"minecraft:wheat":2,"minecraft:rotten_flesh":9,"minecraft:stone_slab":1,"minecraft:azure_bluet":3,"minecraft:pumpkin_seeds":5,"minecraft:gunpowder":2,"minecraft:diamond_pickaxe":1,"minecraft:andesite":3,"minecraft:melon_seeds":2,"minecraft:spider_eye":6,"minecraft:spruce_log":6,"minecraft:bow":1,"minecraft:arrow":5,"minecraft:powered_rail":4,"minecraft:black_wool":1,"minecraft:brick":4}},"DataVersion":3953}