{"stats":{"minecraft:picked_up":{"minecraft:crafting_table":8,"minecraft:chicken":5,"minecraft:stone_slab":1,"minecraft:wooden_pickaxe":1,"minecraft:stone_brick_stairs":1,"minecraft:brick":4,"minecraft:string":13,"minecraft:raw_copper":12,"minecraft:blackstone":25,"minecraft:cracked_stone_bricks":1,"minecraft:cobbled_deepslate":69,"minecraft:player_head":2,"minecraft:sugar_cane":12,"minecraft:egg":1,"minecraft:stick":9,"minecraft:raw_iron":78,"minecraft:torch":5,"minecraft:porkchop":10,"minecraft:cherry_log":21,"minecraft:diorite":18,"minecraft:arrow":3,"minecraft:rotten_flesh":6,"minecraft:mutton":15,"minecraft:white_wool":12,"minecraft:cobblestone":47,"minecraft:birch_log":3,"minecraft:feather":5,"minecraft:glow_ink_sac":1,"minecraft:water_bucket":1,"minecraft:andesite":7,"minecraft:birch_planks":2,"minecraft:flint":1,"minecraft:tuff":6,"minecraft:oak_log":11,"minecraft:dirt":15,"minecraft:bone":3,"minecraft:stone_bricks":6,"minecraft:wheat_seeds":22,"minecraft:raw_gold":53,"minecraft:stone_pickaxe":1,"minecraft:mossy_stone_bricks":1,"minecraft:mossy_stone_brick_stairs":1,"minecraft:oxidized_cut_copper":1,"minecraft:oak_planks":4,"minecraft:gravel":35,"minecraft:white_bed":4,"minecraft:dark_oak_log":2,"minecraft:mossy_stone_brick_slab":1,"minecraft:spider_eye":6,"minecraft:polished_andesite":1,"minecraft:diamond":34,"minecraft:stone_axe":1,"minecraft:granite":12,"minecraft:cherry_sapling":12,"minecraft:emerald":3,"minecraft:black_wool":2,"minecraft:coal":6},"minecraft:custom":{"minecraft:mob_kills":53,"minecraft:knockouts":3,"minecraft:interact_with_crafting_table":23,"minecraft:leave_game":2,"minecraft:time_since_death":114377,"minecraft:climb_one_cm":377,"minecraft:sprint_one_cm":343782,"minecraft:walk_one_cm":240576,"minecraft:damage_blocked_by_shield":1278,"minecraft:drop":82,"minecraft:play_time":130746,"minecraft:deaths":1,"minecraft:sneak_time":4065,"minecraft:walk_under_water_one_cm":9497,"minecraft:boat_one_cm":54758,"minecraft:jump":2305,"minecraft:walk_on_water_one_cm":13289,"minecraft:total_world_time":130746,"minecraft:interact_with_furnace":50,"minecraft:sleep_in_bed":10,"minecraft:time_since_rest":5548,"minecraft:damage_taken":1692,"minecraft:damage_absorbed":72,"minecraft:damage_dealt":8306,"minecraft:swim_one_cm":43804,"minecraft:fly_one_cm":377962,"minecraft:open_chest":4,"minecraft:crouch_one_cm":9594,"minecraft:fall_one_cm":66070},"minecraft:used":{"minecraft:flint_and_steel":1,"minecraft:shield":132,"minecraft:rotten_flesh":2,"minecraft:mossy_stone_brick_slab":1,"minecraft:player_head":1,"minecraft:oxidized_cut_copper":1,"minecraft:torch":8,"minecraft:dirt":3,"minecraft:mutton":9,"minecraft:tuff":6,"minecraft:granite":12,"minecraft:stone_brick_stairs":1,"minecraft:stone_bricks":6,"minecraft:furnace":3,"minecraft:egg":1,"minecraft:cooked_beef":10,"minecraft:cobbled_deepslate":66,"minecraft:cherry_log":2,"minecraft:cooked_mutton":2,"minecraft:water_bucket":27,"minecraft:mossy_stone_bricks":1,"minecraft:diorite":10,"minecraft:birch_planks":1,"minecraft:stone_pickaxe":94,"minecraft:polished_andesite":1,"minecraft:blackstone":1,"minecraft:wooden_pickaxe":7,"minecraft:mossy_stone_brick_stairs":1,"minecraft:diamond_axe":71,"minecraft:cracked_stone_bricks":1,"minecraft:white_wool":3,"minecraft:crafting_table":11,"minecraft:white_bed":4,"minecraft:oak_log":2,"minecraft:diamond_pickaxe":9,"minecraft:black_wool":1,"minecraft:chicken":4,"minecraft:bread":3,"minecraft:iron_pickaxe":250,"minecraft:gravel":35,"minecraft:stone_axe":90,"minecraft:cobblestone":38,"minecraft:porkchop":5,"minecraft:cooked_porkchop":5,"minecraft:andesite":7,"minecraft:bucket":28,"minecraft:oak_boat":1},"minecraft:crafted":{"minecraft:oak_planks":36,"minecraft:furnace":3,"minecraft:cooked_mutton":2,"minecraft:flint_and_steel":1,"minecraft:diamond_helmet":1,"minecraft:diamond_leggings":1,"minecraft:stone_pickaxe":1,"minecraft:diamond_boots":1,"minecraft:cooked_beef":17,"minecraft:cooked_porkchop":5,"minecraft:diamond_axe":1,"minecraft:crafting_table":3,"minecraft:wooden_pickaxe":1,"minecraft:bucket":1,"minecraft:birch_planks":12,"minecraft:stone_axe":2,"minecraft:bread":2,"minecraft:air":0,"minecraft:oak_boat":1,"minecraft:diamond_pickaxe":1,"minecraft:shield":1,"minecraft:stick":16,"minecraft:iron_ingot":7,"minecraft:iron_pickaxe":1,"minecraft:white_bed":1,"minecraft:torch":4,"minecraft:diamond_chestplate":1},"minecraft:dropped":{"minecraft:water_bucket":1,"minecraft:birch_planks":1,"minecraft:wheat_seeds":22,"minecraft:glow_ink_sac":1,"minecraft:feather":3,"minecraft:cobblestone":1,"minecraft:iron_horse_armor":1,"minecraft:rail":12,"minecraft:stick":1,"minecraft:dirt":12,"minecraft:diorite":8,"minecraft:mutton":2,"minecraft:string":23,"minecraft:white_wool":3,"minecraft:bucket":1,"minecraft:music_disc_cat":1,"minecraft:redstone":6,"minecraft:bone":22,"minecraft:raw_copper":12,"minecraft:wheat":2,"minecraft:rotten_flesh":5,"minecraft:stone_slab":1,"minecraft:pumpkin_seeds":5,"minecraft:melon_seeds":2,"minecraft:spider_eye":6,"minecraft:powered_rail":4,"minecraft:black_wool":1,"minecraft:brick":4},"minecraft:killed":{"minecraft:cave_spider":5,"minecraft:spider":2,"minecraft:skeleton":8,"minecraft:chicken":4,"minecraft:pig":5,"minecraft:creeper":1,"minecraft:sheep":9,"minecraft:goat":1,"minecraft:zombie":17},"minecraft:broken":{"minecraft:stone_axe":1,"minecraft:iron_pickaxe":1},"minecraft:mined":{"minecraft:tuff":5,"minecraft:white_bed":4,"minecraft:deepslate_diamond_ore":34,"minecraft:mossy_stone_brick_slab":1,"minecraft:cherry_log":21,"minecraft:dark_oak_log":2,"minecraft:potted_dead_bush":1,"minecraft:granite":12,"minecraft:grass_block":1,"minecraft:decorated_pot":1,"minecraft:spawner":1,"minecraft:oxidized_cut_copper":1,"minecraft:iron_ore":26,"minecraft:cobbled_deepslate":8,"minecraft:andesite":7,"minecraft:mossy_stone_brick_stairs":1,"minecraft:deepslate_iron_ore":54,"minecraft:stone":45,"minecraft:white_wool":1,"minecraft:blackstone":25,"minecraft:player_wall_head":1,"minecraft:crafting_table":8,"minecraft:torch":1,"minecraft:short_grass":4,"minecraft:stone_slab":1,"minecraft:cobblestone":1,"minecraft:tall_grass":4,"minecraft:copper_ore":2,"minecraft:deepslate_gold_ore":49,"minecraft:sugar_cane":7,"minecraft:diorite":14,"minecraft:wall_torch":4,"minecraft:deepslate_copper_ore":1,"minecraft:pink_petals":1,"minecraft:birch_planks":1,"minecraft:birch_log":3,"minecraft:stone_brick_stairs":1,"minecraft:oak_log":11,"minecraft:coal_ore":6,"minecraft:cherry_leaves":1,"minecraft:gravel":36,"minecraft:sand":9,"minecraft:dirt":2,"minecraft:cracked_stone_bricks":1,"minecraft:polished_andesite":1,"minecraft:stone_bricks":6,"minecraft:mossy_stone_bricks":1,"minecraft:gold_ore":4,"minecraft:oak_leaves":1,"minecraft:deepslate":48,"minecraft:fern":3}},"DataVersion":3953}