{"stats":{"minecraft:custom":{"lootr:looted_stat":22,"minecraft:mob_kills":5,"minecraft:knockouts":3,"minecraft:interact_with_crafting_table":3,"minecraft:open_barrel":1,"minecraft:leave_game":4,"minecraft:time_since_death":38371,"minecraft:sleep_in_bed":3,"minecraft:climb_one_cm":73,"minecraft:time_since_rest":28719,"minecraft:sprint_one_cm":169423,"minecraft:walk_one_cm":87820,"minecraft:damage_taken":1070,"minecraft:damage_absorbed":40,"minecraft:drop":13,"minecraft:damage_dealt":941,"minecraft:swim_one_cm":225527,"minecraft:talked_to_villager":11,"minecraft:fly_one_cm":244271,"minecraft:crouch_one_cm":481,"minecraft:play_time":38979,"minecraft:deaths":1,"minecraft:sneak_time":289,"minecraft:walk_under_water_one_cm":6815,"minecraft:jump":1076,"minecraft:walk_on_water_one_cm":13335,"minecraft:total_world_time":38979,"minecraft:fall_one_cm":31123},"minecraft:mined":{"minecraft:large_amethyst_bud":1,"minecraft:oak_sapling":1,"minecraft:mangrove_roots":2,"minecraft:short_grass":1,"minecraft:decorated_pot":4,"minecraft:cobblestone":3,"visualworkbench:lolmct/spruce_crafting_table":1,"minecraft:sugar_cane":1,"minecraft:red_mushroom":1,"minecraft:sweet_berry_bush":3,"minecraft:fire":1,"minecraft:bookshelf":2,"minecraft:lime_wall_banner":2,"minecraft:sand":32,"minecraft:spruce_slab":1},"minecraft:picked_up":{"minecraft:feather":2,"minecraft:chicken":1,"minecraft:red_mushroom":1,"lolmct:spruce_crafting_table":1,"minecraft:flint":3,"minecraft:brick":8,"minecraft:lantern":1,"minecraft:bone":1,"minecraft:spruce_planks":2,"minecraft:sugar_cane":3,"minecraft:book":6,"minecraft:dark_oak_sapling":2,"minecraft:stick":2,"minecraft:sweet_berries":38,"minecraft:torch":2,"minecraft:sand":31,"minecraft:lime_banner":2,"minecraft:arrow":1,"minecraft:decorated_pot":2,"minecraft:stone_axe":1,"minecraft:mangrove_roots":1,"minecraft:mutton":2,"minecraft:white_wool":1,"minecraft:cobblestone":3},"minecraft:crafted":{"minecraft:spruce_planks":20,"minecraft:wooden_pickaxe":1,"minecraft:stick":4,"minecraft:stone_pickaxe":1},"minecraft:used":{"lolmct:spruce_crafting_table":1,"minecraft:stone_pickaxe":1,"minecraft:decorated_pot":2,"minecraft:wooden_pickaxe":3,"minecraft:torch":2,"minecraft:sand":4,"minecraft:red_mushroom":1,"minecraft:apple":3,"minecraft:lantern":1,"minecraft:bread":16,"minecraft:suspicious_stew":2,"minecraft:iron_helmet":1,"minecraft:iron_boots":1,"minecraft:stone_axe":15,"minecraft:sweet_berries":5},"minecraft:killed_by":{"minecraft:player":1},"minecraft:killed":{"minecraft:sheep":1,"minecraft:pillager":2,"minecraft:zombie":1,"minecraft:chicken":1},"minecraft:dropped":{"minecraft:mangrove_roots":1,"minecraft:bowl":2,"minecraft:dark_oak_sapling":4,"minecraft:chicken":1,"minecraft:feather":2,"minecraft:flint":3,"minecraft:mutton":2,"minecraft:arrow":1,"minecraft:white_wool":1,"minecraft:brick":8,"minecraft:bone":1}},"DataVersion":3953}