{"stats":{"minecraft:custom":{"minecraft:open_barrel":1,"minecraft:time_since_rest":8939,"minecraft:play_time":8939,"minecraft:crouch_one_cm":19,"lootr:looted_stat":10,"minecraft:sprint_one_cm":27436,"minecraft:damage_taken":80,"minecraft:walk_one_cm":19037,"minecraft:sneak_time":87,"minecraft:jump":104,"minecraft:leave_game":1,"minecraft:time_since_death":8939,"minecraft:total_world_time":8939,"minecraft:interact_with_smoker":1,"minecraft:interact_with_crafting_table":7,"minecraft:talked_to_villager":3,"minecraft:fall_one_cm":5917,"minecraft:fly_one_cm":23456},"minecraft:mined":{"minecraft:grass_block":2,"minecraft:spruce_leaves":1,"minecraft:spruce_log":1,"minecraft:dark_oak_log":8,"minecraft:black_bed":4,"minecraft:glow_lichen":1},"minecraft:picked_up":{"minecraft:black_bed":4,"minecraft:dark_oak_log":7,"minecraft:dirt":2},"minecraft:crafted":{"minecraft:dark_oak_planks":92,"lolmct:dark_oak_crafting_table":1,"minecraft:stick":4,"minecraft:wooden_pickaxe":1,"minecraft:wooden_axe":1},"minecraft:used":{"lolmct:dark_oak_crafting_table":1,"minecraft:wooden_axe":6,"minecraft:bread":1,"minecraft:black_bed":1}},"DataVersion":3953}