{"stats":{"minecraft:picked_up":{"minecraft:birch_log":19,"minecraft:crafting_table":2,"minecraft:chicken":3,"minecraft:salmon":8,"minecraft:leather":8,"minecraft:brown_mushroom":1,"minecraft:wooden_pickaxe":1,"minecraft:moss_carpet":1,"minecraft:dirt":16,"minecraft:red_bed":2,"minecraft:wooden_sword":1,"minecraft:wheat_seeds":4,"minecraft:beef":13,"minecraft:stone_pickaxe":1,"minecraft:cooked_chicken":1,"minecraft:rose_bush":1,"minecraft:oak_planks":1,"minecraft:furnace":1,"minecraft:egg":1,"minecraft:raw_iron":17,"minecraft:oak_fence":1,"minecraft:porkchop":2,"minecraft:spider_eye":1,"minecraft:rotten_flesh":3,"minecraft:hay_block":5,"minecraft:bone_meal":1,"minecraft:blue_banner":1,"minecraft:mutton":3,"minecraft:coal":32,"minecraft:cobblestone":89,"minecraft:wooden_axe":1},"minecraft:custom":{"minecraft:interact_with_furnace":29,"minecraft:mob_kills":22,"minecraft:knockouts":3,"minecraft:interact_with_crafting_table":6,"minecraft:interact_with_loom":2,"minecraft:bell_ring":6,"minecraft:leave_game":2,"minecraft:time_since_death":34130,"minecraft:sleep_in_bed":2,"minecraft:climb_one_cm":1015,"minecraft:time_since_rest":11223,"minecraft:sprint_one_cm":85306,"minecraft:damage_absorbed":161,"minecraft:damage_taken":398,"minecraft:walk_one_cm":133118,"minecraft:drop":3,"minecraft:damage_dealt":1884,"minecraft:swim_one_cm":9564,"minecraft:talked_to_villager":6,"minecraft:fly_one_cm":108009,"minecraft:open_chest":17,"minecraft:crouch_one_cm":972,"minecraft:play_time":34130,"minecraft:sneak_time":367,"minecraft:walk_under_water_one_cm":4339,"minecraft:jump":619,"minecraft:interact_with_blast_furnace":1,"minecraft:walk_on_water_one_cm":3719,"minecraft:total_world_time":34130,"minecraft:fall_one_cm":12757},"minecraft:used":{"minecraft:stone_sword":41,"minecraft:stone_pickaxe":149,"minecraft:stone_shovel":21,"minecraft:wooden_pickaxe":11,"minecraft:cooked_salmon":4,"minecraft:cooked_chicken":2,"minecraft:dirt":13,"minecraft:crafting_table":3,"minecraft:red_bed":1,"minecraft:spider_eye":1,"minecraft:wooden_axe":22,"minecraft:stone_axe":4,"minecraft:wooden_sword":15,"minecraft:cobblestone":9,"minecraft:furnace":1,"minecraft:cooked_beef":1},"minecraft:crafted":{"minecraft:cooked_beef":1,"minecraft:wooden_sword":1,"minecraft:stone_shovel":1,"minecraft:crafting_table":2,"minecraft:cooked_chicken":4,"minecraft:wooden_pickaxe":1,"minecraft:furnace":1,"minecraft:cooked_salmon":8,"minecraft:birch_planks":76,"minecraft:stone_axe":1,"minecraft:air":0,"minecraft:stick":16,"minecraft:stone_pickaxe":2,"minecraft:wooden_axe":1,"minecraft:stone_sword":1,"minecraft:wheat":45},"minecraft:dropped":{"minecraft:dirt":3,"minecraft:wooden_axe":1,"minecraft:wooden_pickaxe":1},"minecraft:killed":{"minecraft:pig":1,"minecraft:salmon":8,"minecraft:skeleton":1,"minecraft:zombie":1,"minecraft:chicken":2,"minecraft:villager":1,"minecraft:cow":7},"minecraft:broken":{"minecraft:stone_pickaxe":1},"minecraft:mined":{"minecraft:blue_banner":1,"minecraft:white_bed":1,"minecraft:brown_mushroom":1,"minecraft:red_bed":2,"minecraft:oak_fence":1,"minecraft:crafting_table":2,"minecraft:short_grass":8,"minecraft:grass_block":3,"minecraft:tall_grass":8,"minecraft:cobblestone":10,"minecraft:oak_planks":1,"minecraft:large_fern":3,"minecraft:hay_block":5,"minecraft:furnace":1,"minecraft:birch_log":19,"minecraft:iron_ore":18,"minecraft:moss_carpet":2,"item-placer:laying_item":2,"minecraft:coal_ore":34,"minecraft:gravel":2,"minecraft:dirt":17,"minecraft:stone":96,"minecraft:fern":5}},"DataVersion":3953}