{"stats":{"minecraft:picked_up":{"minecraft:birch_log":17,"minecraft:wheat_seeds":1,"minecraft:spider_eye":1,"minecraft:moss_carpet":1},"minecraft:custom":{"minecraft:time_since_rest":5269,"minecraft:crouch_one_cm":106,"minecraft:play_time":5269,"minecraft:sprint_one_cm":9851,"minecraft:damage_taken":173,"minecraft:walk_one_cm":22847,"minecraft:sneak_time":31,"minecraft:mob_kills":1,"minecraft:jump":56,"minecraft:damage_dealt":204,"minecraft:leave_game":1,"minecraft:time_since_death":5269,"minecraft:total_world_time":5269,"minecraft:interact_with_crafting_table":1,"minecraft:fly_one_cm":12207,"minecraft:fall_one_cm":627},"minecraft:used":{"minecraft:wooden_axe":7,"minecraft:crafting_table":1,"minecraft:spider_eye":1},"minecraft:crafted":{"minecraft:wooden_sword":1,"minecraft:birch_planks":68,"minecraft:crafting_table":1,"minecraft:stick":8,"minecraft:wooden_pickaxe":1,"minecraft:wooden_axe":1},"minecraft:mined":{"minecraft:large_fern":1,"minecraft:short_grass":2,"minecraft:birch_log":16,"minecraft:tall_grass":2,"minecraft:fern":1}},"DataVersion":3953}