{"stats":{"minecraft:used":{"lolmct:spruce_crafting_table":1,"minecraft:spruce_planks":3,"lolmct:dark_oak_crafting_table":1,"minecraft:torch":1,"minecraft:magenta_bed":1,"minecraft:black_bed":1,"minecraft:dark_oak_planks":17,"minecraft:bread":4,"minecraft:iron_pickaxe":59,"minecraft:iron_helmet":1,"minecraft:wooden_sword":32,"lolmcv:spruce_chest":1,"minecraft:iron_leggings":1},"minecraft:killed":{"minecraft:spider":1,"minecraft:sheep":1,"minecraft:zombie":3},"minecraft:custom":{"lootr:looted_stat":13,"minecraft:mob_kills":5,"minecraft:knockouts":5,"minecraft:interact_with_crafting_table":3,"minecraft:leave_game":6,"minecraft:time_since_death":7467,"minecraft:sleep_in_bed":1,"minecraft:time_since_rest":8624,"minecraft:sprint_one_cm":73547,"minecraft:walk_one_cm":76852,"minecraft:damage_taken":384,"minecraft:damage_absorbed":217,"minecraft:drop":10,"minecraft:damage_dealt":1024,"minecraft:swim_one_cm":7494,"minecraft:talked_to_villager":2,"minecraft:player_kills":1,"minecraft:fly_one_cm":58968,"minecraft:open_chest":8,"minecraft:crouch_one_cm":14,"minecraft:play_time":24263,"minecraft:deaths":1,"minecraft:sneak_time":101,"minecraft:walk_under_water_one_cm":2975,"minecraft:boat_one_cm":16958,"minecraft:jump":380,"minecraft:walk_on_water_one_cm":3969,"minecraft:total_world_time":24263,"minecraft:fall_one_cm":7819},"minecraft:dropped":{"minecraft:rotten_flesh":2,"minecraft:fern":1,"minecraft:red_mushroom":14,"minecraft:stick":1,"minecraft:large_fern":4,"minecraft:wooden_sword":2,"minecraft:string":2},"minecraft:picked_up":{"minecraft:black_bed":2,"minecraft:fern":1,"minecraft:red_mushroom":14,"minecraft:potato":1,"lolmct:spruce_crafting_table":1,"minecraft:potion":1,"minecraft:magenta_bed":1,"minecraft:dirt":17,"minecraft:string":4,"minecraft:large_fern":2,"minecraft:wooden_sword":2,"minecraft:spruce_planks":1,"minecraft:player_head":1,"minecraft:light_gray_wool":1,"minecraft:stick":1,"minecraft:raw_iron":16,"minecraft:torch":2,"minecraft:acacia_log":1,"minecraft:mossy_cobblestone":16,"minecraft:dark_oak_planks":1,"minecraft:orange_bed":1,"minecraft:rotten_flesh":4,"minecraft:hay_block":3,"lolmcv:spruce_chest":1,"minecraft:mutton":2,"minecraft:cobblestone":23},"minecraft:crafted":{"minecraft:wooden_sword":1,"minecraft:spruce_planks":24,"lolmcv:spruce_chest":1,"lolmct:dark_oak_crafting_table":2,"minecraft:stick":4,"minecraft:iron_pickaxe":1,"lolmct:spruce_crafting_table":1,"minecraft:dark_oak_planks":32},"minecraft:mined":{"minecraft:dark_oak_planks":1,"minecraft:spruce_planks":1,"minecraft:glass_pane":1,"minecraft:mossy_cobblestone":17,"minecraft:torch":1,"minecraft:short_grass":5,"minecraft:acacia_log":1,"minecraft:cobblestone":9,"visualworkbench:lolmct/spruce_crafting_table":1,"minecraft:large_fern":2,"minecraft:hay_block":3,"minecraft:iron_ore":17,"lolmcv:spruce_chest":1,"minecraft:magenta_bed":1,"minecraft:black_bed":3,"minecraft:stone":14,"minecraft:netherrack":1,"minecraft:fern":1,"minecraft:orange_bed":1}},"DataVersion":3953}