{"stats":{"minecraft:picked_up":{"minecraft:birch_log":19,"minecraft:crafting_table":2,"minecraft:chicken":3,"minecraft:salmon":8,"minecraft:leather":8,"minecraft:brown_mushroom":2,"minecraft:wooden_pickaxe":1,"minecraft:gunpowder":1,"minecraft:moss_carpet":1,"minecraft:dirt":16,"minecraft:red_bed":2,"minecraft:wooden_sword":1,"minecraft:wheat_seeds":4,"minecraft:beef":13,"minecraft:stone_pickaxe":1,"minecraft:cooked_chicken":1,"minecraft:rose_bush":2,"minecraft:oak_planks":1,"minecraft:furnace":4,"minecraft:egg":1,"minecraft:raw_iron":62,"minecraft:oak_fence":2,"minecraft:torch":1,"minecraft:porkchop":2,"minecraft:spider_eye":1,"minecraft:rotten_flesh":5,"minecraft:hay_block":5,"minecraft:bone_meal":1,"minecraft:emerald":4,"minecraft:blue_banner":1,"minecraft:mutton":3,"minecraft:coal":50,"minecraft:cobblestone":120,"minecraft:wooden_axe":1},"minecraft:custom":{"minecraft:interact_with_furnace":79,"minecraft:mob_kills":26,"minecraft:knockouts":3,"minecraft:interact_with_crafting_table":20,"minecraft:interact_with_loom":2,"minecraft:bell_ring":6,"minecraft:leave_game":2,"minecraft:time_since_death":52130,"minecraft:sleep_in_bed":2,"minecraft:climb_one_cm":1015,"minecraft:time_since_rest":29223,"minecraft:sprint_one_cm":123697,"minecraft:damage_absorbed":161,"minecraft:damage_taken":698,"minecraft:walk_one_cm":175225,"minecraft:drop":9,"minecraft:damage_dealt":2654,"minecraft:swim_one_cm":11322,"minecraft:talked_to_villager":6,"minecraft:fly_one_cm":139041,"minecraft:open_chest":17,"minecraft:crouch_one_cm":3869,"minecraft:play_time":52130,"minecraft:sneak_time":1301,"minecraft:walk_under_water_one_cm":6476,"minecraft:jump":1044,"minecraft:interact_with_blast_furnace":1,"minecraft:walk_on_water_one_cm":6046,"minecraft:total_world_time":52130,"minecraft:fall_one_cm":20822},"minecraft:used":{"minecraft:water_bucket":2,"minecraft:stone_sword":62,"minecraft:stone_pickaxe":201,"minecraft:stone_shovel":21,"minecraft:wooden_pickaxe":11,"minecraft:cooked_salmon":8,"minecraft:cooked_chicken":2,"minecraft:torch":2,"minecraft:dirt":13,"minecraft:crafting_table":4,"minecraft:red_bed":1,"minecraft:spider_eye":1,"minecraft:wooden_axe":22,"minecraft:iron_pickaxe":54,"minecraft:stone_axe":5,"minecraft:wooden_sword":15,"minecraft:cobblestone":79,"minecraft:furnace":4,"minecraft:bucket":2,"minecraft:cooked_beef":1},"minecraft:crafted":{"minecraft:cooked_beef":1,"minecraft:wooden_sword":1,"minecraft:stone_shovel":1,"minecraft:crafting_table":2,"minecraft:cooked_chicken":4,"minecraft:wooden_pickaxe":1,"minecraft:furnace":3,"minecraft:cooked_salmon":8,"minecraft:bucket":2,"minecraft:birch_planks":76,"minecraft:stone_axe":1,"minecraft:air":0,"minecraft:iron_boots":1,"minecraft:iron_chestplate":1,"minecraft:shield":1,"minecraft:stick":20,"minecraft:iron_ingot":44,"minecraft:iron_pickaxe":1,"minecraft:stone_pickaxe":2,"minecraft:wooden_axe":1,"minecraft:stone_sword":1,"minecraft:iron_leggings":1,"minecraft:torch":4,"minecraft:wheat":45},"minecraft:dropped":{"minecraft:brown_mushroom":2,"minecraft:oak_fence":2,"minecraft:oak_planks":1,"minecraft:dirt":3,"minecraft:wooden_axe":1,"minecraft:rose_bush":1,"minecraft:wooden_pickaxe":1},"minecraft:killed":{"minecraft:pig":1,"minecraft:salmon":8,"minecraft:creeper":1,"minecraft:skeleton":1,"minecraft:zombie":4,"minecraft:chicken":2,"minecraft:villager":1,"minecraft:cow":7},"minecraft:broken":{"minecraft:stone_pickaxe":1},"minecraft:mined":{"minecraft:blue_banner":1,"minecraft:white_bed":1,"minecraft:brown_mushroom":1,"minecraft:red_bed":2,"minecraft:oak_fence":1,"minecraft:crafting_table":3,"minecraft:short_grass":8,"minecraft:emerald_ore":4,"minecraft:grass_block":3,"minecraft:tall_grass":8,"minecraft:cobblestone":12,"minecraft:oak_planks":1,"minecraft:large_fern":3,"minecraft:hay_block":5,"minecraft:furnace":4,"minecraft:birch_log":19,"minecraft:iron_ore":68,"minecraft:moss_carpet":2,"item-placer:laying_item":2,"minecraft:coal_ore":54,"minecraft:gravel":2,"minecraft:dirt":17,"minecraft:stone":123,"minecraft:fern":5}},"DataVersion":3953}