{"stats":{"minecraft:picked_up":{"minecraft:birch_log":19,"minecraft:crafting_table":1,"minecraft:chicken":3,"minecraft:salmon":8,"minecraft:leather":7,"minecraft:brown_mushroom":1,"minecraft:moss_carpet":1,"minecraft:dirt":15,"minecraft:red_bed":1,"minecraft:wooden_sword":1,"minecraft:wheat_seeds":4,"minecraft:beef":11,"minecraft:stone_pickaxe":1,"minecraft:cooked_chicken":1,"minecraft:rose_bush":1,"minecraft:egg":1,"minecraft:porkchop":2,"minecraft:spider_eye":1,"minecraft:rotten_flesh":1,"minecraft:bone_meal":1,"minecraft:mutton":3,"minecraft:cobblestone":67},"minecraft:custom":{"minecraft:interact_with_furnace":29,"minecraft:mob_kills":20,"minecraft:knockouts":3,"minecraft:interact_with_crafting_table":5,"minecraft:bell_ring":3,"minecraft:leave_game":2,"minecraft:time_since_death":22130,"minecraft:climb_one_cm":75,"minecraft:time_since_rest":22130,"minecraft:sprint_one_cm":57644,"minecraft:damage_absorbed":161,"minecraft:damage_taken":388,"minecraft:walk_one_cm":83012,"minecraft:damage_dealt":1594,"minecraft:swim_one_cm":7086,"minecraft:talked_to_villager":3,"minecraft:fly_one_cm":75629,"minecraft:open_chest":4,"minecraft:crouch_one_cm":106,"minecraft:play_time":22130,"minecraft:sneak_time":77,"minecraft:walk_under_water_one_cm":2971,"minecraft:jump":378,"minecraft:walk_on_water_one_cm":1208,"minecraft:total_world_time":22130,"minecraft:fall_one_cm":6452},"minecraft:used":{"minecraft:stone_sword":33,"minecraft:stone_pickaxe":73,"minecraft:stone_shovel":13,"minecraft:wooden_pickaxe":11,"minecraft:cooked_salmon":3,"minecraft:cooked_chicken":2,"minecraft:dirt":8,"minecraft:crafting_table":2,"minecraft:spider_eye":1,"minecraft:wooden_axe":22,"minecraft:stone_axe":1,"minecraft:wooden_sword":15,"minecraft:furnace":1,"minecraft:cooked_beef":1},"minecraft:crafted":{"minecraft:cooked_beef":1,"minecraft:wooden_sword":1,"minecraft:stone_shovel":1,"minecraft:crafting_table":2,"minecraft:cooked_chicken":4,"minecraft:wooden_pickaxe":1,"minecraft:furnace":1,"minecraft:cooked_salmon":8,"minecraft:birch_planks":76,"minecraft:stone_axe":1,"minecraft:air":0,"minecraft:stick":12,"minecraft:stone_pickaxe":1,"minecraft:wooden_axe":1,"minecraft:stone_sword":1},"minecraft:killed":{"minecraft:pig":1,"minecraft:salmon":8,"minecraft:skeleton":1,"minecraft:zombie":1,"minecraft:chicken":2,"minecraft:cow":6},"minecraft:mined":{"minecraft:brown_mushroom":1,"minecraft:red_bed":1,"minecraft:crafting_table":1,"minecraft:short_grass":8,"minecraft:grass_block":2,"minecraft:tall_grass":8,"minecraft:cobblestone":8,"minecraft:large_fern":3,"minecraft:furnace":1,"minecraft:birch_log":19,"item-placer:laying_item":2,"minecraft:dirt":17,"minecraft:stone":75,"minecraft:fern":5}},"DataVersion":3953}