{"stats":{"minecraft:picked_up":{"minecraft:birch_log":19,"minecraft:chicken":2,"minecraft:salmon":8,"minecraft:brown_mushroom":1,"minecraft:spider_eye":1,"minecraft:moss_carpet":1,"minecraft:wooden_sword":1,"minecraft:wheat_seeds":2,"minecraft:bone_meal":1,"minecraft:rose_bush":1,"minecraft:mutton":3,"minecraft:egg":1},"minecraft:custom":{"minecraft:time_since_rest":10130,"minecraft:sprint_one_cm":21203,"minecraft:interact_with_furnace":5,"minecraft:walk_one_cm":38988,"minecraft:damage_taken":273,"minecraft:damage_absorbed":161,"minecraft:mob_kills":11,"minecraft:damage_dealt":575,"minecraft:knockouts":3,"minecraft:swim_one_cm":6849,"minecraft:interact_with_crafting_table":1,"minecraft:fly_one_cm":31314,"minecraft:crouch_one_cm":106,"minecraft:play_time":10130,"minecraft:sneak_time":52,"minecraft:walk_under_water_one_cm":2971,"minecraft:jump":132,"minecraft:leave_game":2,"minecraft:walk_on_water_one_cm":1208,"minecraft:time_since_death":10130,"minecraft:total_world_time":10130,"minecraft:fall_one_cm":3044},"minecraft:used":{"minecraft:wooden_axe":22,"minecraft:cooked_chicken":1,"minecraft:wooden_sword":15,"minecraft:crafting_table":1,"minecraft:spider_eye":1,"minecraft:cooked_beef":1},"minecraft:crafted":{"minecraft:wooden_sword":1,"minecraft:crafting_table":1,"minecraft:stick":8,"minecraft:wooden_pickaxe":1,"minecraft:cooked_chicken":1,"minecraft:wooden_axe":1,"minecraft:birch_planks":68,"minecraft:air":0,"minecraft:cooked_beef":1},"minecraft:killed":{"minecraft:chicken":2,"minecraft:salmon":8},"minecraft:mined":{"minecraft:large_fern":3,"minecraft:brown_mushroom":1,"minecraft:birch_log":19,"minecraft:short_grass":6,"item-placer:laying_item":1,"minecraft:tall_grass":5,"minecraft:fern":3}},"DataVersion":3953}