{"stats":{"minecraft:mined":{"minecraft:deepslate_redstone_ore":7,"minecraft:blue_banner":1,"minecraft:white_bed":1,"minecraft:brown_mushroom":1,"minecraft:red_bed":2,"minecraft:deepslate_diamond_ore":7,"minecraft:sculk_vein":7,"minecraft:oak_fence":1,"minecraft:crafting_table":3,"minecraft:torch":6,"minecraft:short_grass":11,"minecraft:emerald_ore":6,"minecraft:grass_block":3,"minecraft:tall_grass":11,"minecraft:cobblestone":13,"minecraft:oak_planks":4,"minecraft:sculk":2,"minecraft:wall_torch":2,"minecraft:large_fern":3,"minecraft:hay_block":5,"minecraft:furnace":4,"minecraft:birch_log":19,"minecraft:iron_ore":68,"minecraft:moss_carpet":2,"minecraft:deepslate_lapis_ore":7,"item-placer:laying_item":2,"minecraft:coal_ore":56,"minecraft:oak_stairs":1,"minecraft:gravel":2,"minecraft:dirt":17,"minecraft:packed_ice":1,"minecraft:stone":125,"minecraft:deepslate":5,"minecraft:fern":5},"minecraft:broken":{"minecraft:stone_pickaxe":1},"minecraft:killed":{"minecraft:pig":1,"minecraft:salmon":8,"minecraft:creeper":1,"minecraft:skeleton":1,"minecraft:zombie":8,"minecraft:chicken":2,"minecraft:villager":1,"minecraft:cow":7},"minecraft:picked_up":{"minecraft:wooden_axe":1,"minecraft:crafting_table":2,"minecraft:chicken":3,"minecraft:salmon":8,"minecraft:leather":8,"minecraft:brown_mushroom":2,"minecraft:wooden_pickaxe":1,"minecraft:gunpowder":1,"minecraft:dirt":16,"minecraft:lapis_lazuli":45,"minecraft:red_bed":2,"minecraft:moss_carpet":1,"minecraft:wooden_sword":1,"minecraft:wheat_seeds":8,"minecraft:beef":13,"minecraft:stone_pickaxe":1,"minecraft:cooked_chicken":1,"minecraft:rose_bush":2,"minecraft:oak_planks":1,"minecraft:furnace":4,"minecraft:egg":1,"minecraft:raw_iron":62,"minecraft:oak_fence":2,"minecraft:torch":9,"minecraft:porkchop":2,"minecraft:redstone":30,"minecraft:spider_eye":1,"minecraft:rotten_flesh":6,"minecraft:diamond":7,"minecraft:hay_block":5,"minecraft:bone_meal":1,"minecraft:emerald":6,"minecraft:blue_banner":1,"minecraft:mutton":3,"minecraft:coal":51,"minecraft:cobblestone":123,"minecraft:birch_log":19},"minecraft:crafted":{"minecraft:cooked_beef":5,"minecraft:wooden_sword":1,"minecraft:stone_shovel":1,"minecraft:cooked_porkchop":2,"minecraft:crafting_table":3,"minecraft:wooden_pickaxe":1,"minecraft:cooked_chicken":4,"minecraft:furnace":3,"minecraft:cooked_salmon":8,"minecraft:bucket":2,"minecraft:birch_planks":76,"minecraft:stone_axe":1,"minecraft:air":0,"minecraft:iron_boots":1,"minecraft:iron_chestplate":1,"minecraft:shield":1,"minecraft:stick":20,"minecraft:iron_ingot":44,"minecraft:iron_pickaxe":1,"minecraft:stone_pickaxe":2,"minecraft:wooden_axe":1,"minecraft:stone_sword":1,"minecraft:iron_leggings":1,"minecraft:torch":12,"minecraft:wheat":45},"minecraft:used":{"minecraft:water_bucket":2,"minecraft:stone_sword":86,"minecraft:birch_planks":4,"minecraft:stone_pickaxe":201,"minecraft:stone_shovel":21,"minecraft:shield":2,"minecraft:wooden_pickaxe":11,"minecraft:cooked_salmon":8,"minecraft:cooked_chicken":5,"minecraft:torch":13,"minecraft:dirt":13,"minecraft:crafting_table":5,"minecraft:red_bed":1,"minecraft:spider_eye":1,"minecraft:wooden_axe":22,"minecraft:apple":1,"minecraft:bread":5,"minecraft:iron_pickaxe":102,"minecraft:stone_axe":9,"minecraft:wooden_sword":15,"minecraft:cobblestone":86,"minecraft:furnace":5,"minecraft:cooked_porkchop":1,"minecraft:bucket":2,"minecraft:potato":1,"minecraft:cooked_beef":1},"minecraft:custom":{"minecraft:interact_with_furnace":92,"minecraft:mob_kills":31,"minecraft:knockouts":3,"minecraft:interact_with_crafting_table":21,"minecraft:interact_with_loom":2,"minecraft:bell_ring":6,"minecraft:leave_game":21,"minecraft:time_since_death":72829,"minecraft:sleep_in_bed":2,"minecraft:climb_one_cm":1015,"minecraft:time_since_rest":49922,"minecraft:sprint_one_cm":160601,"minecraft:damage_absorbed":161,"minecraft:damage_taken":1111,"minecraft:walk_one_cm":238833,"minecraft:damage_blocked_by_shield":50,"minecraft:drop":11,"minecraft:damage_dealt":3416,"minecraft:swim_one_cm":18176,"minecraft:talked_to_villager":6,"minecraft:fly_one_cm":192232,"minecraft:open_chest":19,"minecraft:crouch_one_cm":6992,"minecraft:play_time":72829,"minecraft:sneak_time":2146,"minecraft:walk_under_water_one_cm":12491,"minecraft:jump":1441,"minecraft:interact_with_blast_furnace":1,"minecraft:walk_on_water_one_cm":13192,"minecraft:total_world_time":72829,"minecraft:fall_one_cm":35179},"minecraft:dropped":{"minecraft:brown_mushroom":2,"minecraft:oak_fence":2,"minecraft:oak_planks":1,"minecraft:dirt":3,"minecraft:wooden_axe":1,"minecraft:rose_bush":2,"minecraft:bone_meal":1,"minecraft:wooden_pickaxe":1}},"DataVersion":3953}