{"stats":{"minecraft:mined":{"minecraft:deepslate_redstone_ore":7,"minecraft:blue_banner":1,"minecraft:white_bed":1,"minecraft:brown_mushroom":1,"minecraft:red_bed":2,"minecraft:deepslate_diamond_ore":7,"minecraft:sculk_vein":7,"minecraft:oak_fence":1,"minecraft:crafting_table":3,"minecraft:torch":4,"minecraft:short_grass":8,"minecraft:emerald_ore":6,"minecraft:grass_block":3,"minecraft:tall_grass":8,"minecraft:cobblestone":12,"minecraft:oak_planks":1,"minecraft:sculk":2,"minecraft:wall_torch":2,"minecraft:large_fern":3,"minecraft:hay_block":5,"minecraft:furnace":4,"minecraft:birch_log":19,"minecraft:iron_ore":68,"minecraft:moss_carpet":2,"minecraft:deepslate_lapis_ore":7,"item-placer:laying_item":2,"minecraft:coal_ore":54,"minecraft:gravel":2,"minecraft:dirt":17,"minecraft:stone":125,"minecraft:deepslate":5,"minecraft:fern":5},"minecraft:broken":{"minecraft:stone_pickaxe":1},"minecraft:killed":{"minecraft:pig":1,"minecraft:salmon":8,"minecraft:creeper":1,"minecraft:skeleton":1,"minecraft:zombie":6,"minecraft:chicken":2,"minecraft:villager":1,"minecraft:cow":7},"minecraft:picked_up":{"minecraft:wooden_axe":1,"minecraft:crafting_table":2,"minecraft:chicken":3,"minecraft:salmon":8,"minecraft:leather":8,"minecraft:brown_mushroom":2,"minecraft:wooden_pickaxe":1,"minecraft:gunpowder":1,"minecraft:dirt":16,"minecraft:lapis_lazuli":45,"minecraft:red_bed":2,"minecraft:moss_carpet":1,"minecraft:wooden_sword":1,"minecraft:wheat_seeds":4,"minecraft:beef":13,"minecraft:stone_pickaxe":1,"minecraft:cooked_chicken":1,"minecraft:rose_bush":2,"minecraft:oak_planks":1,"minecraft:furnace":4,"minecraft:egg":1,"minecraft:raw_iron":62,"minecraft:oak_fence":2,"minecraft:torch":7,"minecraft:porkchop":2,"minecraft:redstone":30,"minecraft:spider_eye":1,"minecraft:rotten_flesh":6,"minecraft:diamond":7,"minecraft:hay_block":5,"minecraft:bone_meal":1,"minecraft:emerald":6,"minecraft:blue_banner":1,"minecraft:mutton":3,"minecraft:coal":50,"minecraft:cobblestone":122,"minecraft:birch_log":19},"minecraft:crafted":{"minecraft:cooked_beef":1,"minecraft:wooden_sword":1,"minecraft:stone_shovel":1,"minecraft:crafting_table":3,"minecraft:wooden_pickaxe":1,"minecraft:cooked_chicken":4,"minecraft:furnace":3,"minecraft:cooked_salmon":8,"minecraft:bucket":2,"minecraft:birch_planks":76,"minecraft:stone_axe":1,"minecraft:air":0,"minecraft:iron_boots":1,"minecraft:iron_chestplate":1,"minecraft:shield":1,"minecraft:stick":20,"minecraft:iron_ingot":44,"minecraft:iron_pickaxe":1,"minecraft:stone_pickaxe":2,"minecraft:wooden_axe":1,"minecraft:stone_sword":1,"minecraft:iron_leggings":1,"minecraft:torch":12,"minecraft:wheat":45},"minecraft:used":{"minecraft:water_bucket":2,"minecraft:stone_sword":69,"minecraft:birch_planks":1,"minecraft:stone_pickaxe":201,"minecraft:stone_shovel":21,"minecraft:wooden_pickaxe":11,"minecraft:cooked_salmon":8,"minecraft:cooked_chicken":5,"minecraft:torch":11,"minecraft:dirt":13,"minecraft:crafting_table":5,"minecraft:red_bed":1,"minecraft:spider_eye":1,"minecraft:wooden_axe":22,"minecraft:iron_pickaxe":99,"minecraft:stone_axe":5,"minecraft:wooden_sword":15,"minecraft:cobblestone":86,"minecraft:furnace":4,"minecraft:bucket":2,"minecraft:cooked_beef":1},"minecraft:custom":{"minecraft:interact_with_furnace":79,"minecraft:mob_kills":28,"minecraft:knockouts":3,"minecraft:interact_with_crafting_table":21,"minecraft:interact_with_loom":2,"minecraft:bell_ring":6,"minecraft:leave_game":16,"minecraft:time_since_death":61374,"minecraft:sleep_in_bed":2,"minecraft:climb_one_cm":1015,"minecraft:time_since_rest":38467,"minecraft:sprint_one_cm":137484,"minecraft:damage_absorbed":161,"minecraft:damage_taken":967,"minecraft:walk_one_cm":199169,"minecraft:drop":10,"minecraft:damage_dealt":2967,"minecraft:swim_one_cm":18176,"minecraft:talked_to_villager":6,"minecraft:fly_one_cm":156387,"minecraft:open_chest":17,"minecraft:crouch_one_cm":6768,"minecraft:play_time":61374,"minecraft:sneak_time":2117,"minecraft:walk_under_water_one_cm":12491,"minecraft:jump":1248,"minecraft:interact_with_blast_furnace":1,"minecraft:walk_on_water_one_cm":13192,"minecraft:total_world_time":61374,"minecraft:fall_one_cm":30833},"minecraft:dropped":{"minecraft:brown_mushroom":2,"minecraft:oak_fence":2,"minecraft:oak_planks":1,"minecraft:dirt":3,"minecraft:wooden_axe":1,"minecraft:rose_bush":1,"minecraft:bone_meal":1,"minecraft:wooden_pickaxe":1}},"DataVersion":3953}