{"stats":{"minecraft:mined":{"minecraft:dark_oak_planks":3,"minecraft:dark_oak_leaves":2,"minecraft:short_grass":1,"minecraft:dark_oak_fence":2,"minecraft:grass_block":7,"minecraft:spruce_leaves":2,"minecraft:birch_log":4,"minecraft:sweet_berry_bush":2,"minecraft:dark_oak_stairs":1,"minecraft:sand":8,"minecraft:red_mushroom_block":1,"minecraft:spruce_slab":1},"minecraft:picked_up":{"minecraft:birch_log":3,"minecraft:brown_mushroom":1,"minecraft:red_mushroom":1,"minecraft:filled_map":1,"minecraft:dirt":23,"minecraft:wooden_sword":2,"minecraft:bone":2,"minecraft:spruce_slab":1,"minecraft:dark_oak_stairs":1,"minecraft:egg":1,"minecraft:dark_oak_sapling":2,"minecraft:stick":4,"minecraft:sweet_berries":5,"minecraft:dandelion":1,"minecraft:porkchop":5,"minecraft:sand":7,"minecraft:leather_helmet":1,"minecraft:dark_oak_planks":3,"minecraft:rotten_flesh":5,"minecraft:diamond":2,"minecraft:golden_apple":1,"minecraft:mutton":2,"minecraft:dark_oak_fence":2,"minecraft:cobblestone":2},"minecraft:custom":{"lootr:looted_stat":17,"minecraft:mob_kills":4,"minecraft:knockouts":4,"minecraft:interact_with_crafting_table":4,"minecraft:interact_with_cartography_table":1,"minecraft:open_barrel":1,"minecraft:leave_game":2,"minecraft:time_since_death":55329,"minecraft:climb_one_cm":627,"minecraft:time_since_rest":55329,"minecraft:sprint_one_cm":170180,"minecraft:walk_one_cm":149900,"minecraft:damage_taken":1921,"minecraft:damage_absorbed":87,"minecraft:drop":27,"minecraft:damage_dealt":1192,"minecraft:swim_one_cm":24791,"minecraft:talked_to_villager":3,"minecraft:fly_one_cm":232718,"minecraft:crouch_one_cm":362,"minecraft:play_time":55329,"minecraft:sneak_time":36,"minecraft:walk_under_water_one_cm":6855,"minecraft:boat_one_cm":282286,"minecraft:jump":1222,"minecraft:walk_on_water_one_cm":15688,"minecraft:total_world_time":55329,"minecraft:interact_with_smoker":1,"minecraft:fall_one_cm":44675},"minecraft:dropped":{"minecraft:sweet_berries":5,"minecraft:brown_mushroom":1,"minecraft:dark_oak_stairs":1,"minecraft:diamond":2,"minecraft:dark_oak_sapling":2,"minecraft:cobblestone":2,"minecraft:rotten_flesh":5,"minecraft:apple":2,"minecraft:leather_helmet":1,"minecraft:golden_apple":1,"minecraft:red_mushroom":1,"minecraft:stick":2,"minecraft:filled_map":2,"minecraft:dirt":16,"minecraft:golden_sword":1,"minecraft:leather_leggings":1,"minecraft:wooden_sword":1,"minecraft:spruce_slab":1,"minecraft:sand":7,"minecraft:dandelion":2,"minecraft:egg":1},"minecraft:killed":{"minecraft:spider":1,"minecraft:skeleton":2,"minecraft:zombie":1},"minecraft:crafted":{"minecraft:birch_boat":1,"lolmct:birch_crafting_table":1,"minecraft:birch_planks":12},"minecraft:used":{"minecraft:birch_boat":1,"minecraft:dirt":7,"minecraft:apple":12,"minecraft:bread":34,"minecraft:golden_sword":5,"minecraft:wooden_sword":34,"lolmct:birch_crafting_table":1,"minecraft:potato":3}},"DataVersion":3953}