{"stats":{"minecraft:custom":{"minecraft:open_barrel":1,"minecraft:damage_absorbed":14,"minecraft:crouch_one_cm":96,"minecraft:play_time":10310,"lootr:looted_stat":12,"minecraft:sprint_one_cm":33871,"minecraft:damage_taken":500,"minecraft:walk_one_cm":44732,"minecraft:sneak_time":16,"minecraft:mob_kills":2,"minecraft:drop":4,"minecraft:jump":205,"minecraft:damage_dealt":410,"minecraft:leave_game":1,"minecraft:time_since_death":10310,"minecraft:knockouts":1,"minecraft:interact_with_smoker":1,"minecraft:total_world_time":10310,"minecraft:fall_one_cm":6254,"minecraft:fly_one_cm":25395,"minecraft:time_since_rest":10310},"minecraft:mined":{"minecraft:dark_oak_planks":3,"minecraft:dark_oak_fence":2,"minecraft:dark_oak_stairs":1},"minecraft:killed":{"minecraft:skeleton":1,"minecraft:zombie":1},"minecraft:dropped":{"minecraft:rotten_flesh":4,"minecraft:apple":2,"minecraft:dandelion":1},"minecraft:picked_up":{"minecraft:wooden_sword":1,"minecraft:bone":2,"minecraft:rotten_flesh":5,"minecraft:dandelion":1,"minecraft:leather_helmet":1,"minecraft:dark_oak_sapling":1,"minecraft:dark_oak_fence":2,"minecraft:dark_oak_stairs":1,"minecraft:dark_oak_planks":3},"minecraft:used":{"minecraft:wooden_sword":13,"minecraft:apple":10,"minecraft:bread":3}},"DataVersion":3953}