{"stats":{"minecraft:custom":{"minecraft:time_since_rest":34310,"lootr:looted_stat":15,"minecraft:sprint_one_cm":95541,"minecraft:walk_one_cm":117505,"minecraft:damage_taken":1440,"minecraft:damage_absorbed":24,"minecraft:mob_kills":4,"minecraft:drop":14,"minecraft:damage_dealt":1065,"minecraft:knockouts":2,"minecraft:interact_with_cartography_table":1,"minecraft:talked_to_villager":3,"minecraft:fly_one_cm":111090,"minecraft:open_barrel":1,"minecraft:crouch_one_cm":157,"minecraft:play_time":34310,"minecraft:sneak_time":24,"minecraft:boat_one_cm":33642,"minecraft:jump":790,"minecraft:leave_game":1,"minecraft:walk_on_water_one_cm":17,"minecraft:time_since_death":34310,"minecraft:total_world_time":34310,"minecraft:interact_with_smoker":1,"minecraft:fall_one_cm":31529},"minecraft:mined":{"minecraft:dark_oak_planks":3,"minecraft:dark_oak_leaves":2,"minecraft:sweet_berry_bush":2,"minecraft:dark_oak_stairs":1,"minecraft:dark_oak_fence":2,"minecraft:grass_block":7,"minecraft:sand":8,"minecraft:red_mushroom_block":1,"minecraft:spruce_slab":1},"minecraft:killed":{"minecraft:skeleton":2,"minecraft:zombie":1,"minecraft:spider":1},"minecraft:dropped":{"minecraft:brown_mushroom":1,"minecraft:dark_oak_stairs":1,"minecraft:dark_oak_sapling":2,"minecraft:rotten_flesh":5,"minecraft:wooden_sword":1,"minecraft:apple":2,"minecraft:sand":7,"minecraft:red_mushroom":1,"minecraft:dandelion":2,"minecraft:stick":2},"minecraft:picked_up":{"minecraft:dark_oak_sapling":2,"minecraft:stick":4,"minecraft:sweet_berries":5,"minecraft:brown_mushroom":1,"minecraft:red_mushroom":1,"minecraft:dandelion":1,"minecraft:porkchop":5,"minecraft:sand":7,"minecraft:dirt":23,"minecraft:leather_helmet":1,"minecraft:dark_oak_planks":3,"minecraft:wooden_sword":2,"minecraft:bone":2,"minecraft:rotten_flesh":5,"minecraft:spruce_slab":1,"minecraft:dark_oak_fence":2,"minecraft:mutton":2,"minecraft:dark_oak_stairs":1,"minecraft:cobblestone":2},"minecraft:used":{"minecraft:apple":10,"minecraft:bread":22,"minecraft:dirt":7,"minecraft:wooden_sword":31,"minecraft:potato":2}},"DataVersion":3953}