{"stats":{"minecraft:custom":{"minecraft:time_since_rest":46310,"lootr:looted_stat":16,"minecraft:sprint_one_cm":148748,"minecraft:walk_one_cm":134649,"minecraft:damage_taken":1764,"minecraft:damage_absorbed":87,"minecraft:mob_kills":4,"minecraft:drop":17,"minecraft:damage_dealt":1065,"minecraft:knockouts":4,"minecraft:interact_with_crafting_table":2,"minecraft:swim_one_cm":9347,"minecraft:interact_with_cartography_table":1,"minecraft:talked_to_villager":3,"minecraft:fly_one_cm":171242,"minecraft:open_barrel":1,"minecraft:crouch_one_cm":327,"minecraft:play_time":46310,"minecraft:sneak_time":28,"minecraft:walk_under_water_one_cm":481,"minecraft:boat_one_cm":65142,"minecraft:jump":1049,"minecraft:leave_game":1,"minecraft:walk_on_water_one_cm":5935,"minecraft:time_since_death":46310,"minecraft:climb_one_cm":220,"minecraft:total_world_time":46310,"minecraft:interact_with_smoker":1,"minecraft:fall_one_cm":38619},"minecraft:crafted":{"minecraft:birch_boat":1,"lolmct:birch_crafting_table":1,"minecraft:birch_planks":12},"minecraft:mined":{"minecraft:dark_oak_planks":3,"minecraft:dark_oak_leaves":2,"minecraft:birch_log":4,"minecraft:sweet_berry_bush":2,"minecraft:dark_oak_stairs":1,"minecraft:short_grass":1,"minecraft:dark_oak_fence":2,"minecraft:grass_block":7,"minecraft:sand":8,"minecraft:spruce_leaves":2,"minecraft:red_mushroom_block":1,"minecraft:spruce_slab":1},"minecraft:killed":{"minecraft:skeleton":2,"minecraft:zombie":1,"minecraft:spider":1},"minecraft:dropped":{"minecraft:brown_mushroom":1,"minecraft:dark_oak_stairs":1,"minecraft:diamond":2,"minecraft:dark_oak_sapling":2,"minecraft:rotten_flesh":5,"minecraft:wooden_sword":1,"minecraft:apple":2,"minecraft:sand":7,"minecraft:golden_apple":1,"minecraft:red_mushroom":1,"minecraft:dandelion":2,"minecraft:stick":2},"minecraft:picked_up":{"minecraft:birch_log":3,"minecraft:dark_oak_sapling":2,"minecraft:stick":4,"minecraft:sweet_berries":5,"minecraft:brown_mushroom":1,"minecraft:red_mushroom":1,"minecraft:dandelion":1,"minecraft:porkchop":5,"minecraft:sand":7,"minecraft:dirt":23,"minecraft:leather_helmet":1,"minecraft:dark_oak_planks":3,"minecraft:wooden_sword":2,"minecraft:bone":2,"minecraft:rotten_flesh":5,"minecraft:diamond":2,"minecraft:golden_apple":1,"minecraft:spruce_slab":1,"minecraft:dark_oak_fence":2,"minecraft:mutton":2,"minecraft:dark_oak_stairs":1,"minecraft:cobblestone":2},"minecraft:used":{"minecraft:apple":10,"minecraft:bread":29,"minecraft:birch_boat":1,"minecraft:golden_sword":2,"minecraft:dirt":7,"minecraft:wooden_sword":31,"lolmct:birch_crafting_table":1,"minecraft:potato":3}},"DataVersion":3953}