{"stats":{"minecraft:custom":{"minecraft:time_since_rest":22310,"lootr:looted_stat":15,"minecraft:sprint_one_cm":74631,"minecraft:walk_one_cm":94038,"minecraft:damage_taken":1042,"minecraft:damage_absorbed":24,"minecraft:mob_kills":4,"minecraft:drop":8,"minecraft:damage_dealt":770,"minecraft:knockouts":2,"minecraft:interact_with_cartography_table":1,"minecraft:talked_to_villager":3,"minecraft:fly_one_cm":72542,"minecraft:open_barrel":1,"minecraft:crouch_one_cm":157,"minecraft:play_time":22310,"minecraft:sneak_time":21,"minecraft:jump":505,"minecraft:leave_game":1,"minecraft:time_since_death":22310,"minecraft:total_world_time":22310,"minecraft:interact_with_smoker":1,"minecraft:fall_one_cm":18806},"minecraft:mined":{"minecraft:dark_oak_planks":3,"minecraft:dark_oak_leaves":2,"minecraft:dark_oak_stairs":1,"minecraft:dark_oak_fence":2,"minecraft:grass_block":1,"minecraft:sand":8,"minecraft:spruce_slab":1},"minecraft:killed":{"minecraft:skeleton":2,"minecraft:zombie":1,"minecraft:spider":1},"minecraft:dropped":{"minecraft:dark_oak_stairs":1,"minecraft:dark_oak_sapling":1,"minecraft:rotten_flesh":5,"minecraft:apple":2,"minecraft:sand":7,"minecraft:dandelion":1},"minecraft:picked_up":{"minecraft:dark_oak_sapling":1,"minecraft:dandelion":1,"minecraft:porkchop":5,"minecraft:sand":7,"minecraft:dirt":1,"minecraft:leather_helmet":1,"minecraft:dark_oak_planks":3,"minecraft:wooden_sword":1,"minecraft:bone":2,"minecraft:rotten_flesh":5,"minecraft:spruce_slab":1,"minecraft:dark_oak_fence":2,"minecraft:mutton":2,"minecraft:dark_oak_stairs":1,"minecraft:cobblestone":2},"minecraft:used":{"minecraft:apple":10,"minecraft:bread":15,"minecraft:wooden_sword":25,"minecraft:potato":2}},"DataVersion":3953}