{"stats":{"minecraft:mined":{"minecraft:iron_ore":1,"minecraft:dark_oak_log":2,"minecraft:dark_oak_fence":1,"minecraft:short_grass":1,"item-placer:laying_item":6,"minecraft:oak_log":1,"minecraft:packed_ice":1,"minecraft:cobblestone":3,"minecraft:lily_pad":3,"minecraft:blue_bed":1,"minecraft:fern":2,"visualworkbench:lolmct/dark_oak_crafting_table":4},"minecraft:picked_up":{"minecraft:leather_chestplate":1,"minecraft:iron_chestplate":1,"minecraft:raw_iron":1,"minecraft:birch_boat":1,"minecraft:dark_oak_boat":10,"minecraft:filled_map":1,"minecraft:golden_axe":5,"minecraft:oak_log":1,"minecraft:lily_pad":1,"waystones:deepslate_waystone":1,"minecraft:brick":8,"lolmct:dark_oak_crafting_table":4,"minecraft:dark_oak_log":1,"minecraft:blue_bed":1,"minecraft:armor_stand":2,"minecraft:rotten_flesh":1,"minecraft:diamond":1,"minecraft:wheat_seeds":1,"waystones:waystone":1,"minecraft:iron_helmet":1,"minecraft:iron_ingot":1,"minecraft:player_head":2,"minecraft:cobblestone":3},"minecraft:custom":{"minecraft:time_since_rest":47537,"lootr:looted_stat":9,"minecraft:interact_with_furnace":2,"minecraft:sprint_one_cm":111597,"minecraft:damage_taken":227,"minecraft:walk_one_cm":35725,"minecraft:mob_kills":2,"minecraft:drop":2,"minecraft:damage_dealt":387,"minecraft:swim_one_cm":15199,"minecraft:interact_with_crafting_table":8,"minecraft:fly_one_cm":267785,"minecraft:open_barrel":1,"minecraft:crouch_one_cm":585,"minecraft:play_time":47537,"minecraft:sneak_time":283,"minecraft:walk_under_water_one_cm":6832,"minecraft:boat_one_cm":507289,"minecraft:jump":879,"minecraft:leave_game":7,"minecraft:time_since_death":47537,"minecraft:walk_on_water_one_cm":21392,"minecraft:total_world_time":47537,"minecraft:fall_one_cm":25512},"minecraft:dropped":{"minecraft:diamond":1,"minecraft:iron_chestplate":1},"minecraft:killed":{"minecraft:zombie":2},"minecraft:crafted":{"minecraft:wooden_sword":1,"minecraft:shield":1,"minecraft:dark_oak_boat":4,"minecraft:stick":8,"minecraft:wooden_pickaxe":1,"minecraft:iron_pickaxe":1,"minecraft:dark_oak_planks":28},"minecraft:used":{"minecraft:bread":10,"minecraft:iron_pickaxe":13,"minecraft:wooden_pickaxe":3,"lolmct:dark_oak_crafting_table":3,"minecraft:wooden_sword":5,"minecraft:fishing_rod":2,"minecraft:dark_oak_boat":11,"minecraft:golden_axe":2}},"DataVersion":3953}