{"stats":{"minecraft:used":{"minecraft:bread":3,"minecraft:iron_pickaxe":1,"minecraft:wooden_pickaxe":3,"lolmct:dark_oak_crafting_table":2,"minecraft:wooden_sword":5,"minecraft:dark_oak_boat":4},"minecraft:killed":{"minecraft:zombie":2},"minecraft:custom":{"minecraft:time_since_rest":16879,"lootr:looted_stat":7,"minecraft:interact_with_furnace":2,"minecraft:sprint_one_cm":35774,"minecraft:damage_taken":81,"minecraft:walk_one_cm":14976,"minecraft:mob_kills":2,"minecraft:damage_dealt":380,"minecraft:swim_one_cm":1873,"minecraft:interact_with_crafting_table":4,"minecraft:fly_one_cm":41494,"minecraft:open_barrel":1,"minecraft:play_time":16879,"minecraft:sneak_time":51,"minecraft:walk_under_water_one_cm":279,"minecraft:boat_one_cm":109359,"minecraft:jump":139,"minecraft:leave_game":3,"minecraft:time_since_death":16879,"minecraft:walk_on_water_one_cm":4490,"minecraft:total_world_time":16879,"minecraft:fall_one_cm":4058},"minecraft:mined":{"minecraft:iron_ore":1,"minecraft:dark_oak_log":2,"minecraft:dark_oak_fence":1,"minecraft:short_grass":1,"item-placer:laying_item":1,"minecraft:cobblestone":3,"minecraft:blue_bed":1,"minecraft:fern":1,"visualworkbench:lolmct/dark_oak_crafting_table":3},"minecraft:crafted":{"minecraft:wooden_sword":1,"minecraft:dark_oak_boat":1,"minecraft:stick":8,"minecraft:wooden_pickaxe":1,"minecraft:iron_pickaxe":1,"minecraft:dark_oak_planks":28},"minecraft:picked_up":{"minecraft:raw_iron":1,"minecraft:dark_oak_boat":4,"minecraft:lily_pad":1,"lolmct:dark_oak_crafting_table":3,"minecraft:brick":8,"minecraft:dark_oak_log":1,"minecraft:blue_bed":1,"minecraft:rotten_flesh":1,"minecraft:player_head":1,"minecraft:cobblestone":3}},"DataVersion":3953}