{"stats":{"minecraft:custom":{"minecraft:time_since_rest":37144,"lootr:looted_stat":8,"minecraft:interact_with_furnace":2,"minecraft:sprint_one_cm":86622,"minecraft:damage_taken":210,"minecraft:walk_one_cm":29993,"minecraft:mob_kills":2,"minecraft:drop":2,"minecraft:damage_dealt":387,"minecraft:swim_one_cm":7790,"minecraft:interact_with_crafting_table":5,"minecraft:fly_one_cm":156790,"minecraft:open_barrel":1,"minecraft:crouch_one_cm":258,"minecraft:play_time":37144,"minecraft:sneak_time":222,"minecraft:walk_under_water_one_cm":1804,"minecraft:boat_one_cm":288710,"minecraft:jump":582,"minecraft:leave_game":4,"minecraft:time_since_death":37144,"minecraft:walk_on_water_one_cm":10312,"minecraft:total_world_time":37144,"minecraft:fall_one_cm":17512},"minecraft:crafted":{"minecraft:wooden_sword":1,"minecraft:shield":1,"minecraft:dark_oak_boat":1,"minecraft:stick":8,"minecraft:wooden_pickaxe":1,"minecraft:iron_pickaxe":1,"minecraft:dark_oak_planks":28},"minecraft:mined":{"minecraft:iron_ore":1,"minecraft:dark_oak_log":2,"minecraft:dark_oak_fence":1,"minecraft:short_grass":1,"item-placer:laying_item":6,"minecraft:cobblestone":3,"minecraft:lily_pad":3,"minecraft:blue_bed":1,"minecraft:fern":2,"visualworkbench:lolmct/dark_oak_crafting_table":4},"minecraft:killed":{"minecraft:zombie":2},"minecraft:dropped":{"minecraft:diamond":1,"minecraft:iron_chestplate":1},"minecraft:picked_up":{"minecraft:leather_chestplate":1,"minecraft:iron_chestplate":1,"minecraft:raw_iron":1,"minecraft:dark_oak_boat":6,"minecraft:golden_axe":5,"waystones:deepslate_waystone":1,"minecraft:lily_pad":1,"lolmct:dark_oak_crafting_table":4,"minecraft:brick":8,"minecraft:dark_oak_log":1,"minecraft:blue_bed":1,"minecraft:armor_stand":2,"minecraft:rotten_flesh":1,"minecraft:diamond":1,"waystones:waystone":1,"minecraft:iron_helmet":1,"minecraft:iron_ingot":1,"minecraft:player_head":1,"minecraft:cobblestone":3},"minecraft:used":{"minecraft:bread":8,"minecraft:iron_pickaxe":12,"minecraft:wooden_pickaxe":3,"lolmct:dark_oak_crafting_table":3,"minecraft:wooden_sword":5,"minecraft:dark_oak_boat":6,"minecraft:golden_axe":1}},"DataVersion":3953}