{"stats":{"minecraft:picked_up":{"minecraft:birch_log":20,"minecraft:crafting_table":3,"minecraft:feather":2,"minecraft:lilac":3,"minecraft:chicken":1,"minecraft:leather":8,"minecraft:brown_wool":1,"minecraft:oak_log":17,"minecraft:dirt":1,"minecraft:moss_carpet":6,"minecraft:wheat_seeds":16,"minecraft:cooked_chicken":2,"minecraft:chest":1,"minecraft:birch_sapling":2,"minecraft:furnace":2,"minecraft:raw_iron":18,"minecraft:stick":2,"minecraft:torch":3,"minecraft:porkchop":2,"minecraft:sand":2,"minecraft:white_dye":1,"minecraft:white_bed":4,"minecraft:lily_of_the_valley":2,"minecraft:arrow":5,"minecraft:rotten_flesh":5,"waystones:waystone":1,"minecraft:gray_wool":1,"minecraft:mutton":7,"minecraft:coal":41,"minecraft:white_wool":2,"minecraft:cobblestone":125},"minecraft:custom":{"minecraft:interact_with_furnace":16,"minecraft:mob_kills":9,"minecraft:knockouts":3,"minecraft:interact_with_crafting_table":9,"minecraft:bell_ring":1,"minecraft:leave_game":2,"minecraft:time_since_death":37325,"minecraft:sleep_in_bed":2,"minecraft:climb_one_cm":956,"minecraft:time_since_rest":11255,"minecraft:waystone_activated":1,"minecraft:sprint_one_cm":106516,"minecraft:damage_absorbed":46,"minecraft:damage_taken":716,"minecraft:walk_one_cm":215921,"minecraft:drop":14,"minecraft:damage_dealt":774,"minecraft:fly_one_cm":86089,"minecraft:open_chest":12,"minecraft:crouch_one_cm":711,"minecraft:play_time":43269,"minecraft:deaths":1,"minecraft:sneak_time":102,"minecraft:walk_under_water_one_cm":1554,"minecraft:jump":656,"minecraft:walk_on_water_one_cm":3628,"minecraft:total_world_time":43269,"minecraft:fall_one_cm":19897},"minecraft:used":{"minecraft:cooked_mutton":3,"minecraft:stone_sword":18,"minecraft:stone_pickaxe":132,"minecraft:chest":2,"minecraft:wooden_pickaxe":47,"minecraft:cooked_chicken":1,"minecraft:mutton":4,"minecraft:crafting_table":4,"minecraft:white_bed":4,"minecraft:wooden_axe":14,"minecraft:bread":6,"minecraft:wooden_sword":65,"minecraft:cobblestone":1,"minecraft:furnace":2,"minecraft:birch_log":1},"minecraft:crafted":{"minecraft:wooden_sword":1,"minecraft:oak_planks":24,"minecraft:cooked_porkchop":2,"minecraft:crafting_table":1,"minecraft:wooden_pickaxe":1,"minecraft:furnace":1,"minecraft:birch_planks":60,"minecraft:cooked_mutton":3,"minecraft:white_wool":1,"minecraft:stick":8,"minecraft:stone_pickaxe":2,"minecraft:wooden_axe":1,"minecraft:stone_sword":1,"minecraft:chest":1,"minecraft:white_bed":1},"minecraft:dropped":{"minecraft:furnace":1,"minecraft:moss_carpet":1,"minecraft:wheat_seeds":14,"minecraft:cooked_chicken":1,"minecraft:lilac":3,"minecraft:birch_sapling":2,"minecraft:chicken":5,"minecraft:rotten_flesh":2,"minecraft:lily_of_the_valley":2,"minecraft:mutton":3},"minecraft:killed":{"minecraft:pig":1,"minecraft:spider":1,"minecraft:sheep":4,"minecraft:skeleton":2,"minecraft:chicken":1},"minecraft:mined":{"minecraft:white_bed":5,"minecraft:lily_of_the_valley":2,"minecraft:crafting_table":3,"minecraft:torch":3,"minecraft:short_grass":30,"minecraft:chest":1,"minecraft:tall_grass":7,"minecraft:large_fern":2,"minecraft:furnace":1,"minecraft:birch_log":17,"minecraft:iron_ore":17,"minecraft:lilac":3,"minecraft:birch_leaves":1,"minecraft:moss_carpet":3,"minecraft:coal_ore":39,"minecraft:oak_log":17,"minecraft:dirt":1,"minecraft:stone":115,"minecraft:fern":7}},"DataVersion":3953}