{"stats":{"minecraft:picked_up":{"minecraft:birch_log":10,"minecraft:stick":2,"minecraft:oak_log":11,"minecraft:birch_sapling":2},"minecraft:custom":{"minecraft:time_since_rest":1354,"minecraft:damage_absorbed":22,"minecraft:crouch_one_cm":250,"minecraft:damage_taken":281,"minecraft:sprint_one_cm":40731,"minecraft:play_time":7269,"minecraft:deaths":1,"minecraft:walk_one_cm":32871,"minecraft:sneak_time":41,"minecraft:jump":137,"minecraft:damage_dealt":12,"minecraft:leave_game":2,"minecraft:time_since_death":1325,"minecraft:knockouts":1,"minecraft:climb_one_cm":16,"minecraft:total_world_time":7269,"minecraft:fall_one_cm":4515,"minecraft:fly_one_cm":28493},"minecraft:mined":{"minecraft:short_grass":5,"minecraft:oak_log":11,"minecraft:birch_log":8,"minecraft:tall_grass":1,"minecraft:birch_leaves":1,"minecraft:fern":1}},"DataVersion":3953}