{"stats":{"minecraft:picked_up":{"minecraft:birch_log":20,"minecraft:cocoa_beans":9,"minecraft:crafting_table":5,"minecraft:feather":2,"minecraft:lilac":3,"minecraft:chicken":1,"minecraft:brown_wool":1,"minecraft:leather":8,"minecraft:brown_mushroom":1,"minecraft:oak_log":17,"minecraft:dirt":5,"minecraft:moss_carpet":18,"minecraft:flint_and_steel":1,"minecraft:bone":2,"minecraft:wheat_seeds":16,"minecraft:cooked_chicken":2,"minecraft:chest":1,"minecraft:birch_sapling":2,"minecraft:furnace":3,"minecraft:stick":2,"minecraft:raw_iron":52,"minecraft:torch":3,"minecraft:porkchop":2,"minecraft:white_dye":1,"minecraft:sand":2,"minecraft:lily_of_the_valley":2,"minecraft:white_bed":5,"minecraft:spider_eye":1,"minecraft:arrow":5,"minecraft:rotten_flesh":8,"waystones:waystone":1,"minecraft:gray_wool":1,"minecraft:obsidian":1,"minecraft:mutton":7,"minecraft:coal":79,"minecraft:white_wool":2,"minecraft:cobblestone":316},"minecraft:custom":{"minecraft:interact_with_furnace":29,"minecraft:mob_kills":10,"minecraft:knockouts":3,"minecraft:interact_with_crafting_table":18,"minecraft:bell_ring":1,"minecraft:leave_game":5,"minecraft:time_since_death":57050,"minecraft:sleep_in_bed":4,"minecraft:climb_one_cm":1514,"minecraft:time_since_rest":2948,"minecraft:waystone_activated":1,"minecraft:sprint_one_cm":114155,"minecraft:damage_absorbed":46,"minecraft:damage_taken":875,"minecraft:walk_one_cm":249650,"minecraft:drop":34,"minecraft:damage_dealt":1119,"minecraft:fly_one_cm":90553,"minecraft:open_chest":12,"minecraft:crouch_one_cm":780,"minecraft:play_time":62994,"minecraft:sneak_time":110,"minecraft:deaths":1,"minecraft:walk_under_water_one_cm":1554,"minecraft:jump":794,"minecraft:walk_on_water_one_cm":3628,"minecraft:total_world_time":62994,"minecraft:fall_one_cm":21062},"minecraft:used":{"minecraft:cooked_mutton":3,"minecraft:stone_sword":30,"minecraft:flint_and_steel":3,"minecraft:stone_pickaxe":396,"minecraft:chest":2,"minecraft:wooden_pickaxe":47,"minecraft:cooked_chicken":1,"minecraft:mutton":4,"minecraft:crafting_table":7,"minecraft:white_bed":5,"minecraft:obsidian":1,"minecraft:wooden_axe":14,"minecraft:bread":8,"minecraft:wooden_sword":65,"minecraft:cobblestone":8,"minecraft:furnace":4,"minecraft:birch_log":1},"minecraft:crafted":{"minecraft:wooden_sword":1,"minecraft:oak_planks":24,"minecraft:cooked_porkchop":2,"minecraft:crafting_table":2,"minecraft:iron_helmet":1,"minecraft:wooden_pickaxe":1,"minecraft:furnace":2,"minecraft:birch_planks":60,"minecraft:cooked_mutton":3,"minecraft:iron_chestplate":1,"minecraft:iron_boots":1,"minecraft:white_wool":1,"minecraft:stick":16,"minecraft:iron_ingot":36,"minecraft:iron_pickaxe":1,"minecraft:stone_pickaxe":4,"minecraft:wooden_axe":1,"minecraft:stone_sword":1,"minecraft:chest":1,"minecraft:iron_leggings":1,"minecraft:white_bed":1},"minecraft:dropped":{"minecraft:furnace":1,"minecraft:moss_carpet":17,"minecraft:wheat_seeds":14,"minecraft:cooked_chicken":1,"minecraft:lilac":3,"minecraft:cocoa_beans":6,"minecraft:birch_sapling":2,"minecraft:obsidian":1,"minecraft:chicken":5,"minecraft:rotten_flesh":5,"minecraft:flint_and_steel":1,"minecraft:lily_of_the_valley":2,"minecraft:mutton":3,"minecraft:brown_wool":1},"minecraft:killed":{"minecraft:pig":1,"minecraft:spider":2,"minecraft:skeleton":2,"minecraft:sheep":4,"minecraft:chicken":1},"minecraft:broken":{"minecraft:stone_pickaxe":3},"minecraft:mined":{"minecraft:white_bed":6,"minecraft:lily_of_the_valley":2,"minecraft:crafting_table":4,"minecraft:torch":3,"minecraft:granite":1,"minecraft:short_grass":30,"minecraft:chest":1,"minecraft:tall_grass":7,"minecraft:cobblestone":1,"minecraft:large_fern":2,"minecraft:furnace":2,"minecraft:fire":1,"minecraft:birch_log":17,"minecraft:iron_ore":46,"minecraft:lilac":3,"minecraft:birch_leaves":1,"minecraft:moss_carpet":3,"minecraft:oak_log":17,"minecraft:coal_ore":75,"minecraft:cocoa":1,"minecraft:dirt":5,"minecraft:stone":304,"minecraft:fern":7}},"DataVersion":3953}