{"stats":{"minecraft:picked_up":{"minecraft:birch_log":20,"minecraft:stick":2,"minecraft:lilac":3,"minecraft:chicken":1,"minecraft:brown_wool":1,"minecraft:white_dye":1,"minecraft:sand":2,"minecraft:oak_log":11,"minecraft:white_bed":1,"minecraft:lily_of_the_valley":2,"minecraft:arrow":1,"minecraft:rotten_flesh":2,"minecraft:wheat_seeds":13,"minecraft:cooked_chicken":2,"minecraft:gray_wool":1,"minecraft:mutton":7,"minecraft:birch_sapling":2,"minecraft:cobblestone":5,"minecraft:white_wool":2,"minecraft:crafting_table":2,"minecraft:feather":1},"minecraft:custom":{"minecraft:time_since_rest":5548,"minecraft:interact_with_furnace":4,"minecraft:sprint_one_cm":50667,"minecraft:walk_one_cm":105912,"minecraft:damage_taken":461,"minecraft:damage_absorbed":46,"minecraft:mob_kills":7,"minecraft:drop":8,"minecraft:damage_dealt":464,"minecraft:knockouts":3,"minecraft:interact_with_crafting_table":5,"minecraft:fly_one_cm":34694,"minecraft:crouch_one_cm":417,"minecraft:play_time":19269,"minecraft:deaths":1,"minecraft:sneak_time":70,"minecraft:walk_under_water_one_cm":1074,"minecraft:jump":242,"minecraft:leave_game":2,"minecraft:walk_on_water_one_cm":2734,"minecraft:time_since_death":13325,"minecraft:sleep_in_bed":1,"minecraft:total_world_time":19269,"minecraft:climb_one_cm":16,"minecraft:fall_one_cm":6096},"minecraft:used":{"minecraft:wooden_axe":6,"minecraft:wooden_pickaxe":7,"minecraft:wooden_sword":65,"minecraft:mutton":4,"minecraft:crafting_table":2,"minecraft:birch_log":1,"minecraft:white_bed":1},"minecraft:crafted":{"minecraft:wooden_sword":1,"minecraft:white_wool":1,"minecraft:crafting_table":1,"minecraft:stick":4,"minecraft:wooden_pickaxe":1,"minecraft:wooden_axe":1,"minecraft:white_bed":1,"minecraft:birch_planks":44},"minecraft:dropped":{"minecraft:wheat_seeds":12,"minecraft:lilac":3,"minecraft:mutton":3,"minecraft:birch_sapling":2,"minecraft:chicken":5,"minecraft:lily_of_the_valley":2},"minecraft:killed":{"minecraft:skeleton":1,"minecraft:sheep":4,"minecraft:chicken":1,"minecraft:spider":1},"minecraft:mined":{"minecraft:large_fern":2,"minecraft:white_bed":3,"minecraft:birch_log":17,"minecraft:lily_of_the_valley":2,"minecraft:lilac":3,"minecraft:birch_leaves":1,"minecraft:moss_carpet":1,"minecraft:crafting_table":2,"minecraft:short_grass":26,"minecraft:oak_log":11,"minecraft:tall_grass":4,"minecraft:stone":6,"minecraft:fern":6}},"DataVersion":3953}