{"stats":{"minecraft:mined":{"minecraft:white_bed":6,"minecraft:lily_of_the_valley":2,"minecraft:crafting_table":5,"minecraft:torch":3,"minecraft:granite":1,"minecraft:short_grass":55,"minecraft:chest":1,"minecraft:tall_grass":16,"minecraft:cobblestone":1,"minecraft:large_fern":2,"minecraft:furnace":3,"minecraft:birch_log":17,"minecraft:iron_ore":46,"minecraft:fire":1,"minecraft:lilac":3,"minecraft:birch_leaves":1,"minecraft:moss_carpet":3,"minecraft:oak_log":27,"minecraft:coal_ore":109,"minecraft:cocoa":1,"minecraft:dirt":5,"minecraft:stone":306,"minecraft:fern":7},"minecraft:broken":{"minecraft:stone_pickaxe":3},"minecraft:killed":{"minecraft:pig":1,"minecraft:spider":3,"minecraft:skeleton":3,"minecraft:sheep":4,"minecraft:zombie":1,"minecraft:chicken":1,"minecraft:cow":2},"minecraft:picked_up":{"minecraft:birch_log":20,"minecraft:cocoa_beans":9,"minecraft:crafting_table":6,"minecraft:feather":2,"minecraft:lilac":3,"minecraft:chicken":1,"minecraft:brown_wool":1,"minecraft:leather":12,"minecraft:brown_mushroom":1,"minecraft:oak_log":17,"minecraft:dirt":5,"minecraft:moss_carpet":18,"minecraft:flint_and_steel":1,"minecraft:bone":4,"minecraft:wheat_seeds":16,"minecraft:beef":4,"minecraft:cooked_chicken":2,"minecraft:rose_bush":1,"minecraft:chest":1,"minecraft:birch_sapling":2,"minecraft:furnace":4,"minecraft:stick":3,"minecraft:raw_iron":52,"minecraft:torch":3,"minecraft:porkchop":2,"minecraft:white_dye":1,"minecraft:sand":2,"minecraft:white_bed":6,"minecraft:lily_of_the_valley":2,"minecraft:spider_eye":1,"minecraft:arrow":7,"minecraft:rotten_flesh":8,"waystones:waystone":1,"minecraft:gray_wool":1,"minecraft:obsidian":1,"minecraft:mutton":7,"minecraft:coal":113,"minecraft:white_wool":2,"minecraft:cobblestone":318},"minecraft:crafted":{"minecraft:cooked_beef":1,"minecraft:wooden_sword":1,"minecraft:oak_planks":24,"minecraft:cooked_porkchop":2,"minecraft:crafting_table":2,"minecraft:wooden_pickaxe":1,"minecraft:iron_helmet":1,"minecraft:iron_sword":1,"minecraft:furnace":2,"minecraft:birch_planks":60,"minecraft:cooked_mutton":3,"minecraft:white_wool":1,"minecraft:iron_boots":1,"minecraft:iron_chestplate":1,"minecraft:iron_axe":1,"minecraft:stick":20,"minecraft:iron_ingot":56,"minecraft:iron_pickaxe":1,"minecraft:stone_pickaxe":4,"minecraft:wooden_axe":1,"minecraft:stone_sword":1,"minecraft:chest":1,"minecraft:iron_leggings":1,"minecraft:white_bed":1,"minecraft:torch":8},"minecraft:used":{"minecraft:cooked_mutton":3,"minecraft:stone_sword":30,"minecraft:flint_and_steel":3,"minecraft:stone_pickaxe":434,"minecraft:chest":2,"minecraft:wooden_pickaxe":47,"minecraft:iron_sword":48,"minecraft:cooked_chicken":1,"minecraft:mutton":4,"minecraft:crafting_table":7,"minecraft:white_bed":5,"minecraft:obsidian":1,"minecraft:wooden_axe":14,"minecraft:iron_axe":10,"minecraft:bread":14,"minecraft:wooden_sword":65,"minecraft:cobblestone":8,"minecraft:furnace":4,"minecraft:birch_log":1,"minecraft:cooked_beef":1},"minecraft:custom":{"minecraft:interact_with_furnace":39,"minecraft:mob_kills":15,"minecraft:knockouts":5,"minecraft:interact_with_crafting_table":22,"minecraft:bell_ring":1,"minecraft:leave_game":8,"minecraft:time_since_death":77148,"minecraft:sleep_in_bed":4,"minecraft:climb_one_cm":1514,"minecraft:time_since_rest":23046,"minecraft:waystone_activated":1,"minecraft:sprint_one_cm":142174,"minecraft:damage_absorbed":100,"minecraft:damage_taken":1216,"minecraft:walk_one_cm":320684,"minecraft:drop":39,"minecraft:damage_dealt":1581,"minecraft:swim_one_cm":4869,"minecraft:fly_one_cm":122448,"minecraft:open_chest":13,"minecraft:crouch_one_cm":1051,"minecraft:play_time":83092,"minecraft:sneak_time":155,"minecraft:deaths":1,"minecraft:walk_under_water_one_cm":2345,"minecraft:jump":1044,"minecraft:walk_on_water_one_cm":5668,"minecraft:total_world_time":83092,"minecraft:fall_one_cm":27486},"minecraft:dropped":{"minecraft:furnace":1,"minecraft:moss_carpet":17,"minecraft:brown_mushroom":1,"minecraft:wheat_seeds":14,"minecraft:cooked_chicken":1,"minecraft:lilac":3,"minecraft:cocoa_beans":6,"minecraft:birch_sapling":2,"minecraft:obsidian":1,"minecraft:chicken":5,"minecraft:rotten_flesh":5,"minecraft:white_bed":1,"minecraft:flint_and_steel":1,"minecraft:lily_of_the_valley":2,"minecraft:stick":2,"minecraft:mutton":3,"minecraft:wooden_axe":1,"minecraft:brown_wool":1}},"DataVersion":3953}