{
  "vanilla_refresh:player/hurt": {
    "criteria": {
      "requirement": "2024-09-06 10:42:26 +0000"
    },
    "done": true
  },
  "minecraft:recipes/decorations/crafting_table": {
    "criteria": {
      "unlock_right_away": "2024-09-06 10:41:17 +0000"
    },
    "done": true
  },
  "vanilla_refresh:player/end_teleport": {
    "criteria": {
      "s3": "2024-09-06 10:41:17 +0000"
    },
    "done": false
  },
  "vanilla_refresh:player/tick": {
    "criteria": {
      "s": "2024-09-06 10:41:17 +0000"
    },
    "done": true
  },
  "minecraft:adventure/adventuring_time": {
    "criteria": {
      "minecraft:beach": "2024-09-06 10:41:18 +0000"
    },
    "done": false
  },
  "DataVersion": 3953
}