{
  "vanilla_refresh:player/end_teleport": {
    "criteria": {
      "s3": "2024-09-09 21:27:06 +0000"
    },
    "done": false
  },
  "betternether:root": {
    "criteria": {
      "welcome": "2024-09-09 21:27:07 +0000"
    },
    "done": true
  },
  "betterend:root": {
    "criteria": {
      "welcome": "2024-09-09 21:27:07 +0000"
    },
    "done": true
  },
  "vanilla_refresh:biome/dark_forest": {
    "criteria": {
      "requirement": "2024-09-09 21:27:15 +0000"
    },
    "done": true
  },
  "vanilla_refresh:player/tick": {
    "criteria": {
      "s": "2024-09-09 21:27:06 +0000"
    },
    "done": true
  },
  "minecraft:adventure/adventuring_time": {
    "criteria": {
      "minecraft:dark_forest": "2024-09-09 21:27:07 +0000"
    },
    "done": false
  },
  "DataVersion": 3953
}